# Supplementary Data 3. IP-MS/MS - CSR-1 ADH IP / CSR-1 WT IP,,,,,,,
# enriched proteins in CSR-1 ADH ≥ 2-fold or in CSR-1 WT IP ≤ -2-fold and p-value < 0.05 and at least 3 peptides used for quantification,,,,,,,
# Ratio of 1000 means protein was not detected in CSR-1 WT IP and a ratio of 0.0001 means protein was not detected in CSR-1 ADH IP and therefore no P-value can be calculated,,,,,,,
gene id,name,Ratio,Log2FC,p-value,Input,Suggested Match,History
Q95ZQ4,"aak-2,T01C8.1",2.69831290252225,1.43205765619652,2.44426782895222E-11,aak-2,WBGene00020142,Public name for WBGene00020142. History: N.A.
O02168,"aakg-2,CELE_T20F7.6,T20F7.6",3.24202126193394,1.69689355241809,1.25298306677685E-02,aakg-2,WBGene00020633,Public name for WBGene00020633. History: N.A.
O45707,"abhd-11.2,CELE_R05D7.4,R05D7.4",3.09578999814703,1.63030761007809,4.83205851062121E-14,abhd-11.2,WBGene00011029,Public name for WBGene00011029. History: N.A.
O45552,"acaa-2,CELE_F53A2.7,F53A2.7",2.22899786682421,1.1563952359231,6.96227361757462E-42,acaa-2,WBGene00009952,Public name for WBGene00009952. History: N.A.
Q20507,"acbp-3,F47B10.7",1000.0,1000.0,na,acbp-3,WBGene00009818,Public name for WBGene00009818. History: N.A.
Q9XWZ2,"acdh-11,Y45F3A.3",1000.0,1000.0,na,acdh-11,WBGene00012860,Public name for WBGene00012860. History: N.A.
P91156,"acin-1,C43E11.1,CELE_C43E11.1",0.346983463539649,-1.52706118608331,1.41426650509298E-20,acin-1,WBGene00016601,Public name for WBGene00016601. History: N.A.
P53585,"acly-1,D1005.1",2.10206152256128,1.07180489432158,1.73576663836129E-22,acly-1,WBGene00016995,Public name for WBGene00016995. History: N.A.
P90731,"acly-2,B0365.1,CELE_B0365.1",2.73563921783701,1.45187797694964,2.92671742364117E-18,acly-2,WBGene00007150,Public name for WBGene00007150. History: N.A.
Q20264,"acs-11,CELE_F41C3.3,F41C3.3",2.35116257164549,1.23337429790112,1.34767077664809E-38,acs-11,WBGene00018269,Public name for WBGene00018269. History: N.A.
Q9TZI7,"acs-16,CELE_F47G6.2,F47G6.2",1000.0,1000.0,na,acs-16,WBGene00018579,Public name for WBGene00018579. History: N.A.
O18693,"acs-2,CELE_F28F8.2,F28F8.2",1000.0,1000.0,na,acs-2,WBGene00009221,Public name for WBGene00009221. History: N.A.
O16481,"acs-21,C50H11.1,CELE_C50H11.1",1000.0,1000.0,na,acs-21,WBGene00016849,Public name for WBGene00016849. History: N.A.
Q19523,"acy-1,CELE_F17C8.1,F17C8.1",0.368506836771344,-1.44023670953006,1.48821017365702E-02,acy-1,WBGene00000068,Public name for WBGene00000068. History: N.A.
Q4W5Q8,"adpr-1,CELE_Y73E7A.9,Y73E7A.9",1000.0,1000.0,na,adpr-1,WBGene00044440,Public name for WBGene00044440. History: N.A.
Q86NJ4,"afd-1,CELE_W03F11.6,W03F11.6",1000.0,1000.0,na,afd-1,WBGene00021009,Public name for WBGene00021009. History: N.A.
O62334,"agl-1,CELE_R06A4.8,R06A4.8",3.8188770148329,1.93314845938235,3.81849707082477E-33,agl-1,WBGene00011050,Public name for WBGene00011050. History: N.A.. Other name for WBGene00008775(mogs-1). History: N.A.
P27604,"ahcy-1,ahh,dpy-14,K02F2.2",2.91800186377696,1.54498080472973,4.84981199323009E-39,ahcy-1,WBGene00019322,Public name for WBGene00019322. History: Renamed on 2005-02-01; Renamed on 2015-03-05
Q17740,"ain-1,C06G1.4,CELE_C06G1.4",1000.0,1000.0,na,ain-1,WBGene00015547,Public name for WBGene00015547. History: N.A.
Q18888,"aipr-1,C56C10.10,CELE_C56C10.10",3.61309225064625,1.85323409059953,2.1393669504779E-02,aipr-1,WBGene00016966,Public name for WBGene00016966. History: N.A.
Q17941,"akt-1,C12D8.10",1000.0,1000.0,na,akt-1,WBGene00000102,Public name for WBGene00000102. History: N.A.
Q20780,"alh-1,CELE_F54D8.3,F54D8.3",2.52689054472742,1.33736317358267,2.09512243352083E-30,alh-1,WBGene00000107,Public name for WBGene00000107. History: N.A.
O02266,"alh-7,CELE_F45H10.1,F45H10.1",2.93611590116301,1.5539089187032,3.23410594330611E-06,alh-7,WBGene00000113,Public name for WBGene00000113. History: N.A.
P16356,"ama-1,rpb-1,F36A4.7",0.407038544042849,-1.29676267959349,1.5555701191346E-07,ama-1,WBGene00000123,Public name for WBGene00000123. History: Renamed on 2007-10-04
Q9XTT4,"ani-1,Y49E10.19",1000.0,1000.0,na,ani-1,WBGene00013038,Public name for WBGene00013038. History: N.A.
O16637,"apd-3,CELE_W09G10.4,W09G10.4",0.334781709418826,-1.57870738555221,1.63559155631976E-09,apd-3,WBGene00000162,Public name for WBGene00000162. History: N.A.
Q8WQB3,"apg-1,CELE_Y105E8A.9,Y105E8A.9",1000.0,1000.0,na,apg-1,WBGene00000158,Public name for WBGene00000158. History: N.A.
O01755,"apm-1,CELE_F55A12.7,F55A12.7",0.391789107215782,-1.35185080750195,9.5417791639765E-07,apm-1,WBGene00000150,Public name for WBGene00000150. History: Renamed on 2015-03-05
G5EFK4,"arf-3,4I747,CELE_F57H12.1,F57H12.1",2.37330143589077,1.24689535061457,5.17769329352592E-04,arf-3,WBGene00000183,Other name for WBGene00000183(arf-5). History: Renamed on 2020-09-10
Q20577,"arrd-24,CELE_F48F7.7,F48F7.7",1000.0,1000.0,na,arrd-24,WBGene00009852,Public name for WBGene00009852. History: N.A.
Q9XXI4,"arrd-7,CELE_Y17G7B.11,Y17G7B.11",2.68778161266557,1.4264159211807,5.87585131156314E-15,arrd-7,WBGene00012464,Public name for WBGene00012464. History: N.A.
Q21463,"asns-2,CELE_M02D8.4,M02D8.4",1000.0,1000.0,na,asns-2,WBGene00019730,Public name for WBGene00019730. History: N.A.
Q21966,"asp-4,CELE_R12H7.2,R12H7.2",0.339504787063486,-1.55849617807844,6.75291204063469E-04,asp-4,WBGene00000217,Public name for WBGene00000217. History: N.A.
A0A1T5HUK0,asrA,2.05382483869461,1.03831314605614,2.82518253441462E-05,,,
G5EBK4,"atg-7,CELE_M7.5,M7.5",2.07224349835545,1.0511935364365,1.87660872061134E-06,atg-7,WBGene00010882,Public name for WBGene00010882. History: Renamed on 2007-03-15; Renamed on 2008-02-29
G4S460,"attf-3,CELE_F54C4.3,F54C4.3",1000.0,1000.0,na,attf-3,WBGene00018794,Public name for WBGene00018794. History: N.A.
Q17411,"B0001.2,CELE_B0001.2",0.300634526835815,-1.73391738758136,7.23495669100873E-10,B0001.2,WBGene00007087,Public name for WBGene00007087. History: N.A.
O61747,"B0205.10,CELE_B0205.10",0.312101691718761,-1.67991191761213,3.57038988765893E-06,B0205.10,WBGene00015024,Public name for WBGene00015024. History: N.A.
O16487,"B0238.11,CELE_B0238.11",0.380915276874702,-1.39245794552797,1.09286328220772E-21,B0238.11,WBGene00015075,Public name for WBGene00015075. History: N.A.
O16614,"B0281.3,CELE_B0281.3",1000.0,1000.0,na,B0281.3,WBGene00015110,Public name for WBGene00015110. History: N.A.
Q9U3S6,"B0379.7,CELE_B0379.7",0.262394415384744,-1.93019107989506,3.58428124763123E-02,B0379.7,WBGene00007159,Public name for WBGene00007159. History: N.A.
Q17499,"B0395.3,CELE_B0395.3",2.26646405378373,1.18044328020065,7.084064779769E-04,B0395.3,WBGene00007175,Public name for WBGene00007175. History: N.A.
Q09437,B0495.2,0.206403428505358,-2.27646115975315,5.82473380522531E-06,B0495.2,WBGene00015203,Sequence name for WBGene00015203(cdk-11.1). History: N.A.
Q03565,"baf-1,B0464.7",0.163989871018946,-2.60832138664169,1.39941735183264E-02,baf-1,WBGene00000235,Public name for WBGene00000235. History: Renamed on 2006-12-04
O44739,"bag-1,F57B10.11",1000.0,1000.0,na,bag-1,WBGene00000236,Public name for WBGene00000236. History: N.A.
Q93619,"bckd-1b,tag-173,CELE_F27D4.5,F27D4.5",2.02931413860243,1.02099221212455,3.35987142708484E-09,,,
Q965N3,"BE0003N10.1,CELE_BE0003N10.1",2.34270906273612,1.22817779935267,2.06153792024763E-05,BE0003N10.1,WBGene00015266,Public name for WBGene00015266. History: N.A.
G5ECJ5,"bir-2,C50B8.2",1000.0,1000.0,na,bir-2,WBGene00000250,Public name for WBGene00000250. History: N.A.
G5EG86,"brc-2,T07E3.5",0.001,-1000.0,na,brc-2,WBGene00020316,Public name for WBGene00020316. History: N.A.
Q17568,"C01G5.5,CELE_C01G5.5",2.64532070615947,1.40344263845956,1.05097487825847E-14,C01G5.5,WBGene00015307,Public name for WBGene00015307. History: N.A.
O44444,"C02B10.4,CELE_C02B10.4",2.29589386248988,1.19905594880852,3.34801055589813E-21,C02B10.4,WBGene00015329,Public name for WBGene00015329. History: N.A.
P34274,"C02C2.6,ZK688.9",2.26477169926028,1.17936562645452,8.03563610627722E-06,C02C2.6,,Public name for Dead gene WBGene00043096. History of WBGene00043096: Killed on 2004-10-04. Remark: The corresponding CDS object for this gene had been created and removed before WormBase introduced the concept of unique gene identifiers.  This (dead) gene object exists as an attempt to make sure that a gene ID exists for every worm gene prediction that has ever existed.
G5ECV3,"C03H12.1,CELE_C03H12.1",1000.0,1000.0,na,C03H12.1,WBGene00007284,Public name for WBGene00007284. History: N.A.
P48053,C05D11.1,1000.0,1000.0,na,C05D11.1,WBGene00015481,Public name for WBGene00015481. History: N.A.
Q11185,C05D11.5,1000.0,1000.0,na,C05D11.5,WBGene00015483,Public name for WBGene00015483. History: N.A.
Q17692,"C06A8.6,CELE_C06A8.6",2.20637193044404,1.14167600805464,1.47465206561807E-16,C06A8.6,WBGene00015516,Public name for WBGene00015516. History: N.A.
P34313,C07A9.2,1000.0,1000.0,na,C07A9.2,WBGene00007400,Sequence name for WBGene00007400(bud-31). History: N.A.
Q09227,C08B11.9,1000.0,1000.0,na,C08B11.9,WBGene00007436,Public name for WBGene00007436. History: N.A.
Q17819,C08B6.8,2.04335193757272,1.03093770865414,9.82593613906814E-12,C08B6.8,WBGene00007429,Public name for WBGene00007429. History: N.A.
Q93209,"C15A11.2,CELE_C15A11.2",3.30466042459366,1.72450203302668,3.96184099372546E-04,C15A11.2,WBGene00007597,Public name for WBGene00007597. History: N.A.
Q18037,"C16A3.4,CELE_C16A3.4",0.465851344520142,-1.10205843772948,3.42009040779253E-02,C16A3.4,WBGene00015809,Sequence name for WBGene00015809(znf-622). History: N.A.
Q09250,C16C10.4,0.386015522435438,-1.37326923265212,5.89234915510077E-22,C16C10.4,WBGene00007625,Public name for WBGene00007625. History: N.A.
Q9BIA9,"C17C3.1,CELE_C17C3.1",1000.0,1000.0,na,C17C3.1,WBGene00015887,Public name for WBGene00015887. History: N.A.
Q09958,C18A3.3,0.37156101286246,-1.42832896426691,1.69424881398204E-47,C18A3.3,WBGene00015941,Public name for WBGene00015941. History: N.A.
O44136,"C24D10.1,CELE_C24D10.1",2.30937608277123,1.20750313567917,7.07655238461732E-04,C24D10.1,WBGene00016053,Sequence name for WBGene00016053(ptp-5.1). History: N.A.
O44133,"C24D10.6,CELE_C24D10.6",2.17409219732787,1.1204131224293,4.35158724282337E-03,C24D10.6,WBGene00016057,Public name for WBGene00016057. History: N.A.
O17157,"C24H12.4,CELE_C24H12.4",0.472370195337716,-1.08201015554386,1.13056342035763E-21,C24H12.4,WBGene00016073,Public name for WBGene00016073. History: N.A.
Q9U3P3,"C25D7.1,CELE_C25D7.1",1000.0,1000.0,na,C25D7.1,WBGene00007714,Public name for WBGene00007714. History: N.A.
O17621,"C29F7.2,CELE_C29F7.2",1000.0,1000.0,na,C29F7.2,WBGene00007811,Public name for WBGene00007811. History: N.A.
O17622,C29F7.3,2.0374577667033,1.02677015485331,1.83555374152151E-06,C29F7.3,WBGene00007812,Public name for WBGene00007812. History: N.A.
P91122,"C32E12.1,CELE_C32E12.1",0.001,-1000.0,na,C32E12.1,WBGene00016327,Public name for WBGene00016327. History: N.A.
O01685,"C32F10.8,CELE_C32F10.8",3.11863999892101,1.64091702441866,4.19104851045496E-06,C32F10.8,WBGene00016333,Public name for WBGene00016333. History: N.A.
Q95QS4,"C34E10.10,CELE_C34E10.10",0.445396218380925,-1.16683878585516,8.93408777000818E-12,C34E10.10,WBGene00016411,"Public name for WBGene00016411. History: Split into C34E10.12(WBGene00303005). History of WBGene00016411: Split into ""WBGene00303005"" on 2018-03-06"
Q18509,"C38D4.4,CELE_C38D4.4",2.82748199886826,1.49951783934289,3.86430862196906E-08,C38D4.4,WBGene00008005,Sequence name for WBGene00008005(mip-1). History: Renamed on 2021-12-09
Q18535,"C39E9.11,CELE_C39E9.11",0.169473811350164,-2.5608657427902,2.18732641187624E-14,C39E9.11,WBGene00008034,Sequence name for WBGene00008034(prcc-1). History: N.A.
Q18577,"C42D4.1,CELE_C42D4.1",4.93485477614462,2.30300762939925,5.38147978629776E-29,C42D4.1,WBGene00016594,Public name for WBGene00016594. History: N.A.
P91154,"C43E11.9,CELE_C43E11.9",2.52785633979927,1.33791447627278,1.146694746559E-07,C43E11.9,WBGene00016607,Public name for WBGene00016607. History: N.A.
Q18621,"C44E12.1,CELE_C44E12.1",1000.0,1000.0,na,C44E12.1,WBGene00016657,Public name for WBGene00016657. History: N.A.
A6PVA1,"C44E4.5,CELE_C44E4.5",2.03014659312764,1.02158390551019,1.78994987274074E-04,C44E4.5,WBGene00016654,Public name for WBGene00016654. History: N.A.
Q95YC6,"C45B2.1,CELE_C45B2.1",3.52409554542475,1.81725303919642,3.05256175843589E-13,C45B2.1,WBGene00016658,Public name for WBGene00016658. History: N.A.
Q18691,C47E8.4,1000.0,1000.0,na,C47E8.4,WBGene00008143,Public name for WBGene00008143. History: N.A.
O44150,"C49A9.6,CELE_C49A9.6",1000.0,1000.0,na,C49A9.6,WBGene00016760,Public name for WBGene00016760. History: N.A.
O17685,"C49F5.7,CELE_C49F5.7",0.001,-1000.0,na,C49F5.7,WBGene00008211,Public name for WBGene00008211. History: N.A.
Q95YC4,"C52A10.1,CELE_C52A10.1",2.42383115751095,1.27728920512046,1.5442101342653E-05,C52A10.1,WBGene00016862,Sequence name for WBGene00016862(cest-32). History: N.A.
O44538,"C53A3.2,CELE_C53A3.2",1000.0,1000.0,na,C53A3.2,WBGene00016892,Sequence name for WBGene00016892(pgph-3). History: N.A.
Q18813,"C53D6.7,CELE_C53D6.7",0.438879627384152,-1.18810279245926,3.91265305604269E-16,C53D6.7,WBGene00008284,"Public name for WBGene00008284. History: Split into C53D6.10(WBGene00023424). History of WBGene00008284: Split into ""WBGene00023424"" on 2004-07-14"
G5EG14,"cacn-1,W03H9.4",0.288398294791308,-1.79386546048684,4.2748428709845E-09,cacn-1,WBGene00012230,Public name for WBGene00012230. History: N.A.
Q18879,"cav-2,C56A3.7",34.9587495302391,5.12758167564156,1.29059842469485E-03,cav-2,WBGene00000302,Public name for WBGene00000302. History: N.A.
Q7Z003,"cca-1,C54D2.5,CELE_C54D2.5",0.001,-1000.0,na,cca-1,WBGene00000367,Public name for WBGene00000367. History: N.A.
A0A0S4XR43,"ccar-1,CELE_Y37A1B.1,Y37A1B.1",0.470780673702986,-1.08687299822628,3.04256781471E-02,ccar-1,WBGene00003085,Public name for WBGene00003085. History: Renamed on 2015-11-23
P54811,"cdc-48.1,C06A1.1",0.433069057063422,-1.207330999868,2.35896548254085E-06,cdc-48.1,WBGene00007352,Public name for WBGene00007352. History: Renamed on 2005-03-17
P54812,"cdc-48.2,C41C4.8",0.407570634598292,-1.29487798559558,4.88961496171865E-04,cdc-48.2,WBGene00008053,Public name for WBGene00008053. History: N.A.
G5EFC4,"cdc-5l,CELE_D1081.8,D1081.8",0.334742174505972,-1.57887776580048,3.91469841837558E-02,,,
Q19973,"cec-5,CELE_F32E10.6,F32E10.6",0.0630028669744203,-3.98843870916744,4.95144410919993E-56,cec-5,WBGene00017993,Public name for WBGene00017993. History: N.A.
Q7K714,"ceh-100,CELE_Y38E10A.6,Y38E10A.6",0.329177101083276,-1.60306411545419,8.75126673778286E-12,ceh-100,WBGene00012584,Public name for WBGene00012584. History: N.A.
Q18922,"CELE_D1014.4,D1014.4",17.5527203117546,4.13362273089569,1.44173621628419E-02,CELE_D1014.4,WBGene00017017,Other name for WBGene00017017(D1014.4). History: N.A.
Q18943,"CELE_D1054.10,D1054.10",2.9145704675873,1.54328328310255,4.43886238637263E-03,CELE_D1054.10,WBGene00008377,Other name for WBGene00008377(D1054.10). History: N.A.
Q18949,"CELE_D1054.3,D1054.3",2.82712362611749,1.49933497156207,1.49952807907478E-18,CELE_D1054.3,WBGene00008371,Other name for WBGene00008371(D1054.3). History: N.A.
Q18986,"CELE_D2045.8,D2045.8",1000.0,1000.0,na,CELE_D2045.8,WBGene00008425,Other name for WBGene00008425(D2045.8). History: N.A.
Q18995,"CELE_D2085.7,D2085.7",1000.0,1000.0,na,CELE_D2085.7,WBGene00008432,Other name for WBGene00008432(D2085.7). History: N.A.
I2HAE5,"CELE_F01G4.4,F01G4.4",2.56354798198362,1.35814190094254,1.40126923663244E-04,CELE_F01G4.4,WBGene00008503,Other name for WBGene00008503(F01G4.4). History: N.A.
O01317,"CELE_F02E9.3,F02E9.3",0.001,-1000.0,na,CELE_F02E9.3,WBGene00008529,Other name for WBGene00008529(F02E9.3). History: N.A.
Q19132,"CELE_F07A11.4,F07A11.4",1000.0,1000.0,na,CELE_F07A11.4,WBGene00008547,Other name for WBGene00008547(F07A11.4). History: N.A.
Q19276,"CELE_F09F7.6,F09F7.6",8.80429502790714,3.1382074900917,2.03539747495982E-08,CELE_F09F7.6,WBGene00017303,Other name for WBGene00017303(F09F7.6). History: N.A.
A7LPJ5,"CELE_F10A3.17,F10A3.17",2.94290631758121,1.55724161726567,7.06366548084638E-19,CELE_F10A3.17,WBGene00045507,Other name for WBGene00045507(F10A3.17). History: N.A.
Q95QL6,"CELE_F10E9.11,F10E9.11",0.337320451445958,-1.56780830453249,3.90413340897536E-25,CELE_F10E9.11,WBGene00017360,Other name for WBGene00017360(F10E9.11). History: N.A.
Q93520,"CELE_F16B12.6,F16B12.6",1000.0,1000.0,na,CELE_F16B12.6,WBGene00008882,Other name for WBGene00008882(F16B12.6). History: N.A.
N1NVB6,"CELE_F17C11.4,F17C11.4",1000.0,1000.0,na,CELE_F17C11.4,WBGene00008915,Other name for WBGene00008915(F17C11.4). History: N.A.
D2N112,"CELE_F18A11.5,F18A11.5",1000.0,1000.0,na,CELE_F18A11.5,WBGene00008932,Other name for WBGene00008932(F18A11.5). History: N.A.
Q19647,"CELE_F20D6.5,F20D6.5",1000.0,1000.0,na,CELE_F20D6.5,WBGene00017635,Other name for WBGene00017635(F20D6.5). History: N.A.
Q19661,"CELE_F21C10.9,F21C10.9",1000.0,1000.0,na,CELE_F21C10.9,WBGene00017658,Other name for WBGene00017658(F21C10.9). History: N.A.
Q19680,"CELE_F21D5.1,F21D5.1",2.00938177441962,1.0067516963436,2.41303069364299E-09,CELE_F21D5.1,WBGene00009006,Other name for WBGene00009006(F21D5.1). History: N.A.
Q19723,"CELE_F22D6.2,F22D6.2",2.98360219958276,1.57705519546361,6.09254879497787E-03,CELE_F22D6.2,WBGene00009050,Other name for WBGene00009050(F22D6.2). History: N.A.
H2KZV4,"CELE_F23H11.4,F23H11.4",1000.0,1000.0,na,CELE_F23H11.4,WBGene00017760,Other name for WBGene00017760(F23H11.4). History: N.A.
H2KYV5,"CELE_F25E5.8,F25E5.8",1000.0,1000.0,na,CELE_F25E5.8,WBGene00017789,Other name for WBGene00017789(F25E5.8). History: N.A.
Q19854,"CELE_F28C1.1,F28C1.1",0.35247641108147,-1.50440138419725,6.80950501998057E-03,CELE_F28C1.1,WBGene00009200,Other name for WBGene00009200(F28C1.1). History: N.A.
O45417,"CELE_F31D4.2,F31D4.2",1000.0,1000.0,na,CELE_F31D4.2,WBGene00009290,Other name for WBGene00009290(F31D4.2). History: N.A.
O62197,"CELE_F32A11.3,F32A11.3",3.0026527328978,1.58623763190595,1.70808625905256E-09,CELE_F32A11.3,WBGene00009308,Other name for WBGene00009308(F32A11.3). History: Renamed on 2014-09-24
Q95QH4,"CELE_F32A5.8,F32A5.8",3.04473052840204,1.60631454913613,1.21905091946067E-11,CELE_F32A5.8,WBGene00017971,Other name for WBGene00017971(F32A5.8). History: N.A.
O62200,"CELE_F32B4.5,F32B4.5",1000.0,1000.0,na,CELE_F32B4.5,WBGene00009315,Other name for WBGene00009315(F32B4.5). History: N.A.
O01849,"CELE_F32B5.7,F32B5.7",1000.0,1000.0,na,CELE_F32B5.7,WBGene00017980,Other name for WBGene00017980(F32B5.7). History: N.A.
G5EDI3,"CELE_F33A8.6,F33A8.6",1000.0,1000.0,na,CELE_F33A8.6,WBGene00009354,Other name for WBGene00009354(ilkp-1). History: N.A.
O62219,"CELE_F33H2.2,F33H2.2",1000.0,1000.0,na,CELE_F33H2.2,WBGene00009366,Other name for WBGene00009366(F33H2.2). History: N.A.
Q20007,"CELE_F35A5.1,F35A5.1",0.001,-1000.0,na,CELE_F35A5.1,WBGene00018024,Other name for WBGene00018024(F35A5.1). History: N.A.
Q9XVN7,"CELE_F36A2.11,F36A2.11",1000.0,1000.0,na,CELE_F36A2.11,WBGene00009458,Other name for WBGene00009458(F36A2.11). History: N.A.
O45462,"CELE_F36D3.4,F36D3.4",0.330794521609048,-1.59599275310159,5.71369390496852E-03,CELE_F36D3.4,WBGene00009470,Other name for WBGene00009470(F36D3.4). History: N.A.
Q20108,"CELE_F36H1.3,F36H1.3",0.297360157996499,-1.74971673502708,1.11076086014965E-05,CELE_F36H1.3,WBGene00009492,Other name for WBGene00009492(F36H1.3). History: N.A.
Q20122,"CELE_F37C12.3,F37C12.3",2.1384316587895,1.09655310148549,1.72036472783464E-06,CELE_F37C12.3,WBGene00018151,Other name for WBGene00018151(F37C12.3). History: N.A.
G5EE11,"CELE_F39H2.3,F39H2.3",2.53661329297143,1.34290359711718,6.49519315824769E-29,CELE_F39H2.3,WBGene00009563,Other name for WBGene00009563(F39H2.3). History: N.A.
Q20292,"CELE_F41G3.3,F41G3.3",3.22681515629413,1.69011093737377,6.55446188628865E-04,CELE_F41G3.3,WBGene00018300,Other name for WBGene00018300(F41G3.3). History: N.A.
Q9UAQ1,"CELE_F41H8.1,F41H8.1",0.235633507815814,-2.08538338542025,6.51282713711973E-03,CELE_F41H8.1,WBGene00018312,Other name for WBGene00018312(F41H8.1). History: N.A.
H2L2B2,"CELE_F46B6.5,F46B6.5",0.349546387081443,-1.51644417155663,1.23645151569491E-02,CELE_F46B6.5,WBGene00009770,Other name for WBGene00009770(F46B6.5). History: N.A.
Q20476,"CELE_F46G10.1,F46G10.1",0.408266949244434,-1.29241531422395,2.88220982545978E-40,CELE_F46G10.1,WBGene00009796,Other name for WBGene00009796(F46G10.1). History: N.A.
G5EEX7,"CELE_F49C12.15,F49C12.15",0.439981561744195,-1.18448502872284,2.03304734689345E-11,CELE_F49C12.15,WBGene00009884,Other name for WBGene00009884(F49C12.15). History: N.A.
Q9N5S7,"CELE_F49H12.5,F49H12.5",0.106291712865951,-3.23389897471878,3.88415982157675E-61,CELE_F49H12.5,WBGene00018656,Other name for WBGene00018656(txdc-12.2). History: N.A.
Q20644,"CELE_F52B5.3,F52B5.3",1000.0,1000.0,na,CELE_F52B5.3,WBGene00009922,Other name for WBGene00009922(F52B5.3). History: N.A.
Q20697,"CELE_F53B1.4,F53B1.4",0.319803692307813,-1.64474149927293,2.02082249855311E-04,CELE_F53B1.4,WBGene00044621,Other name for WBGene00044621(bus-5). History: N.A.
Q9XVN1,"CELE_F53B6.4,F53B6.4",0.448138983121438,-1.15798186446982,1.22336888966983E-03,CELE_F53B6.4,WBGene00009959,Other name for WBGene00009959(F53B6.4). History: N.A.
P91998,"CELE_F53F1.3,F53F1.3",1000.0,1000.0,na,CELE_F53F1.3,WBGene00009981,Other name for WBGene00009981(F53F1.3). History: N.A.
Q965K2,"CELE_F53H1.1,F53H1.1",0.23315670859703,-2.10062815407755,1.88713383704995E-68,CELE_F53H1.1,WBGene00018776,Other name for WBGene00018776(ddx-46). History: N.A.
Q20753,"CELE_F54C9.3,F54C9.3",1000.0,1000.0,na,CELE_F54C9.3,WBGene00010041,Other name for WBGene00010041(F54C9.3). History: N.A.
O44734,"CELE_F57B10.8,F57B10.8",0.441729717053457,-1.17876420295868,3.82198069975274E-20,CELE_F57B10.8,WBGene00019005,Other name for WBGene00019005(F57B10.8). History: N.A.
B6EU60,"CELE_F57B7.2,F57B7.2",1000.0,1000.0,na,CELE_F57B7.2,WBGene00010192,Other name for WBGene00010192(F57B7.2). History: N.A.
P90898,"CELE_F58G11.3,F58G11.3",2.08575351332967,1.06056867554313,2.11275569388202E-07,CELE_F58G11.3,WBGene00010281,Other name for WBGene00010281(mip-2). History: Renamed on 2021-12-09
O16281,"CELE_F59A7.2,F59A7.2",1000.0,1000.0,na,CELE_F59A7.2,WBGene00019090,Other name for WBGene00019090(F59A7.2). History: N.A.
H2L0A8,"CELE_H05C05.1,H05C05.1",2.07007933550136,1.04968605987005,8.28969458244573E-07,CELE_H05C05.1,WBGene00019157,Other name for WBGene00019157(H05C05.1). History: N.A.
Q9N5N9,"CELE_H06I04.3,H06I04.3",0.341595553509989,-1.5496388991176,4.92724504873196E-73,CELE_H06I04.3,WBGene00019168,Other name for WBGene00019168(H06I04.3). History: N.A.
O45625,"CELE_H19N07.3,H19N07.3",3.30868557120705,1.72625819693486,3.89349009097653E-02,CELE_H19N07.3,WBGene00010407,Other name for WBGene00010407(scb-1). History: N.A.
H2L0C5,"CELE_H24G06.1,H24G06.1",1000.0,1000.0,na,CELE_H24G06.1,WBGene00019237,Other name for WBGene00019237(wdr-62). History: N.A.
H2L0D0,"CELE_H28G03.1,H28G03.1",1000.0,1000.0,na,CELE_H28G03.1,WBGene00019249,Other name for WBGene00019249(hrpa-2). History: N.A.
Q21080,"CELE_K01C8.1,K01C8.1",2.41975866556177,1.27486316759941,2.27166940151857E-14,CELE_K01C8.1,WBGene00010456,Other name for WBGene00010456(srdh-1). History: N.A.
Q7YTL1,"CELE_K01F9.2,K01F9.2",1000.0,1000.0,na,CELE_K01F9.2,WBGene00010475,Other name for WBGene00010475(K01F9.2). History: N.A.
P90904,"CELE_K02B12.7,K02B12.7",1000.0,1000.0,na,CELE_K02B12.7,WBGene00010500,Other name for WBGene00010500(K02B12.7). History: N.A.
O16632,"CELE_K02F6.4,K02F6.4",2.87535430184487,1.52373973623833,2.88246578469906E-02,CELE_K02F6.4,WBGene00019338,Other name for WBGene00019338(K02F6.4). History: N.A.
Q21173,"CELE_K03B4.2,K03B4.2",1000.0,1000.0,na,CELE_K03B4.2,WBGene00019354,Other name for WBGene00019354(K03B4.2). History: N.A.
Q21210,"CELE_K04C2.2,K04C2.2",0.411071675354536,-1.28253812759111,1.25696415093704E-03,CELE_K04C2.2,WBGene00019380,Other name for WBGene00019380(K04C2.2). History: N.A.
O44772,"CELE_K04F10.7,K04F10.7",0.337950038369135,-1.56511811679657,1.15595560919107E-06,CELE_K04F10.7,WBGene00019399,Other name for WBGene00019399(K04F10.7). History: N.A.
Q21298,"CELE_K07F5.14,K07F5.14",0.281685538570999,-1.8278425956667,1.87434764410258E-04,CELE_K07F5.14,WBGene00010638,Other name for WBGene00010638(K07F5.14). History: N.A.
G5ECC9,"CELE_K11B4.1,K11B4.1",0.13675419942652,-2.87034295913613,2.44705383661155E-02,CELE_K11B4.1,WBGene00010766,Other name for WBGene00010766(mrps-27). History: N.A.
O76686,"CELE_M01G5.1,M01G5.1",0.38061679943236,-1.39358885507553,6.7288058336001E-09,CELE_M01G5.1,WBGene00019715,Other name for WBGene00019715(M01G5.1). History: N.A.
H2L0G8,"CELE_M01H9.3,M01H9.3",1000.0,1000.0,na,CELE_M01H9.3,WBGene00019719,Other name for WBGene00019719(M01H9.3). History: N.A.
P90933,"CELE_M04C9.3,M04C9.3",2.30318786096847,1.20363209025976,1.16304037023705E-07,CELE_M04C9.3,WBGene00010858,Other name for WBGene00010858(M04C9.3). History: N.A.
Q0G841,"CELE_M106.7,M106.7",1000.0,1000.0,na,CELE_M106.7,WBGene00044924,Other name for WBGene00044924(M106.7). History: N.A.
Q21589,"CELE_M7.8,M7.8",2.36710384302705,1.24312299738389,3.16204394374456E-02,CELE_M7.8,WBGene00010884,Other name for WBGene00010884(M7.8). History: N.A.
U4PFH6,"CELE_R02D3.1,R02D3.1",1000.0,1000.0,na,CELE_R02D3.1,WBGene00019819,Other name for WBGene00019819(aass-1). History: N.A.
H2KYE1,"CELE_R11G1.6,R11G1.6",0.467489798824677,-1.09699321084029,1.78478190086734E-07,CELE_R11G1.6,WBGene00020012,Other name for WBGene00020012(R11G1.6). History: N.A.
O62349,"CELE_R11H6.5,R11H6.5",1000.0,1000.0,na,CELE_R11H6.5,WBGene00011253,Other name for WBGene00011253(R11H6.5). History: N.A.
Q8ITY8,"CELE_R148.3,R148.3",2.24507530400258,1.16676383645375,2.36046155569116E-02,CELE_R148.3,WBGene00020102,Other name for WBGene00020102(R148.3). History: N.A.
Q6AHR3,"CELE_R151.2,R151.2",2.22135036654028,1.15143696254037,2.03865508326259E-11,CELE_R151.2,WBGene00020107,Other name for WBGene00020107(R151.2). History: N.A.
Q22056,"CELE_T01C3.2,T01C3.2",0.262025367836356,-1.93222160266646,1.01269464859447E-09,CELE_T01C3.2,WBGene00011319,Other name for WBGene00011319(T01C3.2). History: N.A.
Q22107,"CELE_T02G5.3,T02G5.3",0.132042338987778,-2.92092749519958,3.12906393069391E-02,CELE_T02G5.3,WBGene00020163,Other name for WBGene00020163(T02G5.3). History: N.A.
Q22137,"CELE_T04A8.7,T04A8.7",2.14058555657761,1.09800549943742,6.75381777216291E-38,CELE_T04A8.7,WBGene00011409,Other name for WBGene00011409(T04A8.7). History: N.A.
Q22290,"CELE_T07C4.3,T07C4.3",0.413699299167187,-1.27334558132901,2.28446939473644E-04,CELE_T07C4.3,WBGene00011560,Other name for WBGene00011560(T07C4.3). History: N.A.
O16725,"CELE_T07D3.9,T07D3.9",2.31087480360985,1.20843910095489,8.63925852568331E-10,CELE_T07D3.9,WBGene00020311,Other name for WBGene00020311(T07D3.9). History: N.A.
Q22414,"CELE_T12A2.5,T12A2.5",0.001,-1000.0,na,CELE_T12A2.5,WBGene00020439,"Other name for WBGene00020439(T12A2.5). History: Split into T12A2.21(WBGene00305999). History of WBGene00020439: Split into ""WBGene00305999"" on 2020-01-20"
O45783,"CELE_T12D8.5,T12D8.5",1000.0,1000.0,na,CELE_T12D8.5,WBGene00011733,Other name for WBGene00011733(T12D8.5). History: N.A.
Q22493,"CELE_T14F9.2,T14F9.2",1000.0,1000.0,na,CELE_T14F9.2,WBGene00020508,Other name for WBGene00020508(T14F9.2). History: N.A.
Q9U367,"CELE_T16G1.9,T16G1.9",1000.0,1000.0,na,CELE_T16G1.9,WBGene00011802,Other name for WBGene00011802(T16G1.9). History: N.A.
K8FE09,"CELE_T16G12.7,T16G12.7",0.248959206689954,-2.00601872659993,1.78434564754632E-02,CELE_T16G12.7,WBGene00011808,Other name for WBGene00011808(T16G12.7). History: N.A.
Q22540,"CELE_T18D3.1,T18D3.1",0.319208396058756,-1.64742949598053,3.50233343446675E-10,CELE_T18D3.1,WBGene00011820,Other name for WBGene00011820(T18D3.1). History: N.A.
Q22562,"CELE_T19B10.2,T19B10.2",0.001,-1000.0,na,CELE_T19B10.2,WBGene00011831,Other name for WBGene00011831(T19B10.2). History: Renamed on 2005-03-17
O02169,"CELE_T20F7.1,T20F7.1",1000.0,1000.0,na,CELE_T20F7.1,WBGene00020630,Other name for WBGene00020630(T20F7.1). History: N.A.
Q22749,"CELE_T24G10.2,T24G10.2",0.465803299719366,-1.10220723534738,4.26744917455521E-04,CELE_T24G10.2,WBGene00020779,Other name for WBGene00020779(T24G10.2). History: N.A.
Q23128,"CELE_W02B12.12,W02B12.12",0.343303531384129,-1.54244339726546,9.93500572855295E-11,CELE_W02B12.12,WBGene00012207,Other name for WBGene00012207(W02B12.12). History: N.A.
Q9UAY5,"CELE_W03G1.2,W03G1.2",0.001,-1000.0,na,CELE_W03G1.2,WBGene00021010,Other name for WBGene00021010(W03G1.2). History: N.A.
G5EDE4,"CELE_W08E3.2,W08E3.2",2.2768503804466,1.18703949020978,2.07104232563405E-07,CELE_W08E3.2,WBGene00012343,Other name for WBGene00012343(casc-3). History: N.A.
O45011,"CELE_W10C8.5,W10C8.5",1000.0,1000.0,na,CELE_W10C8.5,WBGene00021128,Other name for WBGene00021128(W10C8.5). History: N.A.
Q9U304,"CELE_Y106G6D.7,Y106G6D.7",0.33489214662272,-1.5782315503187,1.91816244666006E-11,CELE_Y106G6D.7,WBGene00013703,Other name for WBGene00013703(rbm-12). History: N.A.
Q95Y35,"CELE_Y108G3AL.2,Y108G3AL.2",0.198747043886213,-2.33099469261574,4.81624683977008E-18,CELE_Y108G3AL.2,WBGene00022434,Other name for WBGene00022434(Y108G3AL.2). History: N.A.
Q9NEM5,"CELE_Y111B2A.3,Y111B2A.3",1000.0,1000.0,na,CELE_Y111B2A.3,WBGene00013729,Other name for WBGene00013729(Y111B2A.3). History: N.A.
Q9U2U3,"CELE_Y116A8C.27,Y116A8C.27",2.13770386148576,1.09606200873783,1.76710760083817E-16,CELE_Y116A8C.27,WBGene00013804,Other name for WBGene00013804(Y116A8C.27). History: N.A.
H2L0S8,"CELE_Y119D3B.12,Y119D3B.12",0.148326319684652,-2.75315347612766,2.73114090474991E-21,CELE_Y119D3B.12,WBGene00022489,Other name for WBGene00022489(Y119D3B.12). History: N.A.
Q9TYQ2,"CELE_Y24D9B.1,Y24D9B.1",2.64196143013923,1.40160940490683,1.29980441582137E-02,CELE_Y24D9B.1,WBGene00021287,Other name for WBGene00021287(Y24D9B.1). History: N.A.
H2KYA0,"CELE_Y25C1A.8,Y25C1A.8",0.001,-1000.0,na,CELE_Y25C1A.8,WBGene00021295,Other name for WBGene00021295(Y25C1A.8). History: N.A.
H2KY66,"CELE_Y37E11B.10,Y37E11B.10",0.331841968408706,-1.59143173786968,8.35329631382398E-06,CELE_Y37E11B.10,WBGene00021381,Other name for WBGene00021381(Y37E11B.10). History: N.A.
Q9BKU5,"CELE_Y37E3.8,Y37E3.8",0.226371835714938,-2.14323361994173,6.14828775626123E-11,CELE_Y37E3.8,WBGene00021350,Other name for WBGene00021350(Y37E3.8). History: N.A.
Q9U2N7,"CELE_Y37H2A.1,Y37H2A.1",1000.0,1000.0,na,CELE_Y37H2A.1,WBGene00012562,Other name for WBGene00012562(Y37H2A.1). History: N.A.
Q95X11,"CELE_Y38A10A.7,Y38A10A.7",1000.0,1000.0,na,CELE_Y38A10A.7,WBGene00021392,Other name for WBGene00021392(Y38A10A.7). History: N.A.
H2L095,"CELE_Y39H10B.2,Y39H10B.2",0.415131808813719,-1.26835861450059,3.50301626483223E-03,CELE_Y39H10B.2,WBGene00044527,Other name for WBGene00044527(Y39H10B.2). History: N.A.
Q95Y11,"CELE_Y41D4B.11,Y41D4B.11",0.33858374534411,-1.5624153805857,2.31112041457943E-30,CELE_Y41D4B.11,WBGene00021514,Other name for WBGene00021514(Y41D4B.11). History: N.A.
Q9N3Y1,"CELE_Y42H9AR.1,Y42H9AR.1",28.873290058386,4.85166360427896,8.32855924311321E-24,CELE_Y42H9AR.1,WBGene00021536,Other name for WBGene00021536(Y42H9AR.1). History: N.A.
Q9GUI8,"CELE_Y45G5AM.3,Y45G5AM.3",1000.0,1000.0,na,CELE_Y45G5AM.3,WBGene00021556,Other name for WBGene00021556(Y45G5AM.3). History: N.A.
S6FD25,"CELE_Y47D7A.18,Y47D7A.18",0.189314835670695,-2.40114062251515,4.01012428910465E-03,CELE_Y47D7A.18,WBGene00235165,Other name for WBGene00235165(Y47D7A.18). History: N.A.
Q9N3R8,"CELE_Y47G6A.3,Y47G6A.3",0.001,-1000.0,na,CELE_Y47G6A.3,WBGene00021633,Other name for WBGene00021633(Y47G6A.3). History: N.A.
Q9N3S5,"CELE_Y47G6A.5,Y47G6A.5",4.33555959683162,2.11621821616226,7.75734363423766E-03,CELE_Y47G6A.5,WBGene00021635,Other name for WBGene00021635(Y47G6A.5). History: N.A.
Q9BL76,"CELE_Y48G1C.9,Y48G1C.9",1000.0,1000.0,na,CELE_Y48G1C.9,WBGene00021682,Other name for WBGene00021682(natc-3). History: N.A.
Q9N4U1,"CELE_Y49F6B.2,Y49F6B.2",0.188952688416568,-2.40390304949585,1.06051370868184E-71,CELE_Y49F6B.2,WBGene00021715,Other name for WBGene00021715(Y49F6B.2). History: N.A.
G4S703,"CELE_Y50D4A.1,Y50D4A.1",1000.0,1000.0,na,CELE_Y50D4A.1,WBGene00021735,Other name for WBGene00021735(Y50D4A.1). History: N.A.
O18215,"CELE_Y53C12B.1,Y53C12B.1",1000.0,1000.0,na,CELE_Y53C12B.1,WBGene00013143,Other name for WBGene00013143(Y53C12B.1). History: N.A.
Q966A9,"CELE_Y54B9A.1,Y54B9A.1",1000.0,1000.0,na,CELE_Y54B9A.1,WBGene00021821,Other name for WBGene00021821(Y54B9A.1). History: N.A.
Q9N3F2,"CELE_Y54E10A.6,Y54E10A.6",2.29802832977138,1.20039658343605,3.89726905520682E-36,CELE_Y54E10A.6,WBGene00021828,Other name for WBGene00021828(Y54E10A.6). History: N.A.
Q9N368,"CELE_Y55F3AM.3,Y55F3AM.3",0.10513598386409,-3.24967156395781,7.60312637435545E-52,CELE_Y55F3AM.3,WBGene00021921,Other name for WBGene00021921(rbm-39). History: N.A.
Q7YTH6,"CELE_Y62E10A.19,Y62E10A.19",1000.0,1000.0,na,CELE_Y62E10A.19,WBGene00013385,Other name for WBGene00013385(Y62E10A.19). History: N.A.
Q95Q05,"CELE_Y66D12A.10,Y66D12A.10",2.31098487041052,1.20850781477951,7.19098742421504E-03,CELE_Y66D12A.10,WBGene00013436,Other name for WBGene00013436(Y66D12A.10). History: N.A.
A0A0K3AUY4,"CELE_Y66D12A.16,Y66D12A.16",1000.0,1000.0,na,CELE_Y66D12A.16,WBGene00013442,Other name for WBGene00013442(Y66D12A.16). History: N.A.
Q95PZ6,"CELE_Y66D12A.19,Y66D12A.19",2.13924067014016,1.09709879857858,1.19121076981536E-03,CELE_Y66D12A.19,WBGene00013445,Other name for WBGene00013445(Y66D12A.19). History: N.A.
Q95XH0,"CELE_Y69A2AR.28,Y69A2AR.28",1000.0,1000.0,na,CELE_Y69A2AR.28,WBGene00022099,Other name for WBGene00022099(Y69A2AR.28). History: N.A.
Q9XW38,"CELE_Y69E1A.2,Y69E1A.2",2.05944345712364,1.04225451695774,2.08615591440846E-02,CELE_Y69E1A.2,WBGene00013474,Other name for WBGene00013474(nsph-3.1). History: N.A.
Q9XW37,"CELE_Y69E1A.5,Y69E1A.5",2.02369490276127,1.01699180216087,4.15789023143171E-02,CELE_Y69E1A.5,WBGene00013477,Other name for WBGene00013477(Y69E1A.5). History: N.A.
Q9BL35,"CELE_Y71H2AM.20,Y71H2AM.20",3.0990603188781,1.63183083524017,2.64970403179928E-02,CELE_Y71H2AM.20,WBGene00022185,Other name for WBGene00022185(Y71H2AM.20). History: N.A.
Q9U1R8,"CELE_Y79H2A.3,Y79H2A.3",0.148654249389039,-2.74996739057306,1.77726682189453E-06,CELE_Y79H2A.3,WBGene00013580,Other name for WBGene00013580(Y79H2A.3). History: N.A.
Q9BPN9,"CELE_Y92H12BR.2,Y92H12BR.2",3.18887966856568,1.67304965894517,2.25684685572152E-16,CELE_Y92H12BR.2,WBGene00022368,Other name for WBGene00022368(Y92H12BR.2). History: N.A.
O44183,"CELE_ZC416.6,ZC416.6",2.3981393864538,1.26191551459098,1.32798032630416E-03,CELE_ZC416.6,WBGene00022610,Other name for WBGene00022610(ltah-1.2). History: N.A.
Q9N4P3,"CELE_ZK121.2,ZK121.2",1000.0,1000.0,na,CELE_ZK121.2,WBGene00022664,Other name for WBGene00022664(ZK121.2). History: N.A.
O44195,"CELE_ZK185.3,ZK185.3",2.1128622593774,1.07919871891016,3.18828913326616E-21,CELE_ZK185.3,WBGene00022683,Other name for WBGene00022683(ZK185.3). History: N.A.
O44895,"CELE_ZK484.3,ZK484.3",2.01009478009569,1.00726352904113,1.49732040883925E-10,CELE_ZK484.3,WBGene00022749,Other name for WBGene00022749(ZK484.3). History: N.A.
Q23526,"CELE_ZK546.2,ZK546.2",2.51089485126247,1.3282016141377,7.7435675815636E-05,CELE_ZK546.2,WBGene00022759,Other name for WBGene00022759(ZK546.2). History: N.A.
Q23091,"CELE_ZK742.4,ZK742.4",2.70729710101204,1.4368532187819,2.43337965486356E-03,CELE_ZK742.4,WBGene00022814,Other name for WBGene00022814(ZK742.4). History: N.A.
A5HU91,"CELE_ZK813.7,ZK813.7",1000.0,1000.0,na,CELE_ZK813.7,WBGene00045394,Other name for WBGene00045394(ZK813.7). History: N.A.
Q7YTT9,"CELE_ZK909.6,ZK909.6",1000.0,1000.0,na,CELE_ZK909.6,WBGene00014150,Other name for WBGene00014150(ZK909.6). History: N.A.
C1P629,"cfim-2,CELE_D1046.1,D1046.1",0.318270535552346,-1.65167449173096,9.11844078736169E-18,cfim-2,WBGene00008362,"Public name for WBGene00008362. History: Split into D1046.18(WBGene00255595). History of WBGene00008362: Split into ""WBGene00255595"" on 2014-09-03"
Q9XUE7,"cfp-1,CELE_F52B11.1,F52B11.1",0.395508940534575,-1.33821778749876,2.83805406339671E-02,cfp-1,WBGene00009924,Public name for WBGene00009924. History: N.A.
Q18905,"cgp-1,Y38C9A.2",2.90246915133878,1.53728073360348,2.87738829276941E-10,cgp-1,WBGene00000480,Public name for WBGene00000480. History: N.A.
Q22824,"cgr-1,CELE_T27A10.7,T27A10.7",0.001,-1000.0,na,cgr-1,WBGene00020847,Public name for WBGene00020847. History: Renamed on 2005-10-06
Q9U1Y5,"chk-2,cds-1,Y60A3A.12",1000.0,1000.0,na,chk-2,WBGene00000499,Public name for WBGene00000499. History: N.A.
O17610,"cka-1,C28D4.2,CELE_C28D4.2",2.23611583996032,1.16099492762986,6.45961842023093E-10,cka-1,WBGene00000509,Public name for WBGene00000509. History: N.A.. Other name for WBGene00003830(num-1). History: N.A.
P34531,"clip-1,M01A8.2",1000.0,1000.0,na,clip-1,WBGene00010796,Public name for WBGene00010796. History: N.A.
O16305,"cmd-1,T21H3.3",1000.0,1000.0,na,cmd-1,WBGene00000552,Public name for WBGene00000552. History: N.A.
O18235,"coq-3,CELE_Y57G11C.11,Y57G11C.11",3.06726011397914,1.61695051718708,1.24189667244102E-07,coq-3,WBGene00000763,Public name for WBGene00000763. History: N.A.
O01835,"cpb-3,B0414.5",0.261391574979324,-1.93571545310914,1.3415979173505E-03,cpb-3,WBGene00000772,Public name for WBGene00000772. History: N.A.
Q09221,"cpna-2,B0228.4",0.001,-1000.0,na,cpna-2,WBGene00015061,Public name for WBGene00015061. History: Renamed on 2009-04-21
Q9NB31,"cst-1,F14H12.4",1000.0,1000.0,na,cst-1,WBGene00017472,Public name for WBGene00017472. History: N.A.
O61235,"ctl-1,cat-2,Y54G11A.6",1000.0,1000.0,na,ctl-1,WBGene00000830,Public name for WBGene00000830. History: N.A.
Q03560,"ctr-9,B0464.2",0.131929750696101,-2.92215816000288,1.26815835340668E-04,ctr-9,WBGene00007184,Public name for WBGene00007184. History: Renamed on 2014-11-12
P52017,"cyn-10,cyp-10,B0252.4",0.155429588473897,-2.68566692523945,1.15964889999215E-10,cyn-10,WBGene00000886,Public name for WBGene00000886. History: N.A.
P52010,"cyn-2,cyp-2,ZK520.5",2.05192735744372,1.03697965740171,5.22135511210132E-06,cyn-2,WBGene00000878,Public name for WBGene00000878. History: N.A.
P52015,"cyn-7,cyp-7,Y75B12B.2",2.10684446075371,1.07508381012951,7.3191746668491E-03,cyn-7,WBGene00000883,Public name for WBGene00000883. History: N.A.
P52016,"cyn-8,cyp-8,D1009.2",0.314413349333593,-1.66926562217469,1.18528519692332E-09,cyn-8,WBGene00000884,Public name for WBGene00000884. History: N.A.
Q9XVS4,"dao-5,C25A1.10,CELE_C25A1.10",0.392807007996253,-1.34810742615316,8.19293615220711E-08,dao-5,WBGene00000931,Public name for WBGene00000931. History: N.A.
P34529,"dcr-1,K12H4.8",1000.0,1000.0,na,dcr-1,WBGene00000939,Public name for WBGene00000939. History: N.A.
Q17569,"ddi-1,C01G5.6,CELE_C01G5.6",1000.0,1000.0,na,ddi-1,WBGene00015308,Public name for WBGene00015308. History: N.A.
Q22308,"ddx-19,CELE_T07D4.4,T07D4.4",2.44570912697124,1.2902528314902,1.34049604367614E-18,ddx-19,WBGene00011580,Public name for WBGene00011580. History: N.A.
U4PBM1,"denn-4,CELE_F52C12.4,F52C12.4",1000.0,1000.0,na,denn-4,WBGene00018681,Public name for WBGene00018681. History: N.A.
Q09979,"dhs-6,C17G10.8,CELE_C17G10.8",1000.0,1000.0,na,dhs-6,WBGene00000970,Public name for WBGene00000970. History: N.A.
Q21557,"dlc-2,M18.2",1000.0,1000.0,na,dlc-2,WBGene00010888,Public name for WBGene00010888. History: N.A.
O17953,"dld-1,LLC1.3",4.1205144108193,2.04282445673162,1.1548140133905E-04,dld-1,WBGene00010794,Public name for WBGene00010794. History: N.A.
Q20774,"dnj-13,CELE_F54D5.8,F54D5.8",0.379040714246337,-1.39957527264794,2.24984853479163E-37,dnj-13,WBGene00001031,Public name for WBGene00001031. History: N.A.
Q9N3E0,"dnj-28,CELE_Y54E10BL.4,Y54E10BL.4",3.34818553060395,1.74337947312905,3.11790166695566E-10,dnj-28,WBGene00001046,Public name for WBGene00001046. History: N.A.
Q19086,"dpf-4,CELE_F01F1.5,F01F1.5",2.25760022704874,1.17479003814087,2.95020823153872E-07,dpf-4,WBGene00001057,Public name for WBGene00001057. History: N.A.
Q03577,"drs-1,B0464.1",0.432412373393731,-1.20952028879359,7.85779924414284E-29,drs-1,WBGene00001094,Other name for WBGene00001094(dars-1). History: Renamed on 2010-01-29
Q9XWF2,"dxbp-1,dox-1,CELE_Y52B11A.9,Y52B11A.9",0.31488991553169,-1.66708053952704,1.50731637088852E-18,dxbp-1,WBGene00013128,Public name for WBGene00013128. History: N.A.
P39055,"dyn-1,C02C6.1",2.36315061903372,1.24071158462618,4.10808589538062E-05,dyn-1,WBGene00001130,Public name for WBGene00001130. History: N.A.
A0A078BQL1,"ECA2,At4g00900",1000.0,1000.0,na,,,
Q9U364,"ect-2,CELE_T19E10.1,T19E10.1",1000.0,1000.0,na,ect-2,WBGene00002297,Public name for WBGene00002297. History: Renamed on 2005-09-28
Q09299,EEED8.10,0.321475093038311,-1.63722112884915,2.25618931909693E-03,EEED8.10,WBGene00017138,Public name for WBGene00017138. History: N.A.
U4PLQ8,"egrh-3,CELE_Y94H6A.11,Y94H6A.11",1000.0,1000.0,na,egrh-3,WBGene00044651,Public name for WBGene00044651. History: N.A.
Q9TXU7,"eif-1.a,CELE_H06H21.3,H06H21.3",0.367417550978282,-1.44450755144149,3.25029979295045E-10,,,
Q95XR0,"eif-2gamma,CELE_Y39G10AR.8,Y39G10AR.8",0.435242105685311,-1.20010996402291,1.56534332245554E-44,eif-2gamma,WBGene00021466,Public name for WBGene00021466. History: N.A.
G5ECR7,"elb-1,3L686,CELE_Y41C4A.10,Y41C4A.10",2.14850377984012,1.10333231523231,2.49352166746996E-10,elb-1,WBGene00001235,Public name for WBGene00001235. History: N.A.
Q18195,"elpc-4,C26B2.6",1000.0,1000.0,na,elpc-4,WBGene00016128,Public name for WBGene00016128. History: N.A.
Q9XU56,"ensa-1,CELE_K10C3.2,K10C3.2",2.90162235377099,1.53685976482334,3.28472572400164E-08,ensa-1,WBGene00010730,Public name for WBGene00010730. History: N.A.
Q9BI71,"epn-1,CELE_T04C10.2,T04C10.2",2.70152374805461,1.43377336419745,1.63429022841793E-03,epn-1,WBGene00001329,Public name for WBGene00001329. History: N.A.
Q7YTU4,"ero-1,Y105E8B.8",2.25666656931111,1.17419327083936,2.95617708638797E-05,ero-1,WBGene00001334,Public name for WBGene00001334. History: N.A.
Q304D5,"erp-44.1,C30H7.2,CELE_C30H7.2",2.39080218642152,1.25749476724124,7.94473244021233E-49,erp-44.1,WBGene00016278,Public name for WBGene00016278. History: N.A.
P53015,F31E3.4,2.19377103239701,1.13341295707049,4.84704989166614E-06,F31E3.4,WBGene00017951,Sequence name for WBGene00017951(panl-2). History: N.A.
Q09556,F33H1.3,4.17510332500659,2.0618119016897,1.13197441978997E-23,F33H1.3,WBGene00009364,Sequence name for WBGene00009364(wbp-11). History: N.A.
P41880,F37A4.2,0.403511930500389,-1.30931676507875,6.44548603470912E-05,F37A4.2,WBGene00018132,Public name for WBGene00018132. History: N.A.
O44400,F37C4.5,1000.0,1000.0,na,F37C4.5,WBGene00018145,Public name for WBGene00018145. History: N.A.
Q20230,F40F8.1,2.72798681716002,1.44783667263781,4.85137293682124E-04,F40F8.1,WBGene00009575,Public name for WBGene00009575. History: N.A.
P34416,F42H10.3,2.40992656925973,1.2689891880408,5.80171686993919E-03,F42H10.3,WBGene00018367,Public name for WBGene00018367. History: N.A.
P54073,F44G4.1,0.425238856270257,-1.23365466549909,8.51716271073222E-38,F44G4.1,WBGene00009711,Public name for WBGene00009711. History: N.A.
P91309,F46F11.1,1000.0,1000.0,na,F46F11.1,WBGene00018508,Public name for WBGene00018508. History: N.A.
Q10454,F46H5.3,2.1752478295735,1.12117977895134,9.27562884053145E-25,F46H5.3,WBGene00018519,Public name for WBGene00018519. History: N.A.
Q20588,F49C12.11,2.2767332979078,1.18696530055606,8.71466174525461E-07,F49C12.11,WBGene00009880,Public name for WBGene00009880. History: N.A.
Q9TXV7,F52C12.1,1000.0,1000.0,na,F52C12.1,WBGene00018678,Sequence name for WBGene00018678(tdpo-1). History: N.A.
P91318,F53E10.6,0.348028613706439,-1.52272217055086,1.90036357036427E-09,F53E10.6,WBGene00018762,Public name for WBGene00018762. History: N.A.
P34439,F54C8.1,1000.0,1000.0,na,F54C8.1,WBGene00010035,Public name for WBGene00010035. History: N.A.
Q20762,F54D1.6,2.49746006537251,1.32046160936918,4.2695645358534E-02,F54D1.6,WBGene00010047,Public name for WBGene00010047. History: N.A.
Q20772,F54D5.7,3.32279106372015,1.73239557957476,8.31239571846651E-13,F54D5.7,WBGene00010052,Public name for WBGene00010052. History: N.A.
Q564X7,F59C6.12,2.22283660250756,1.15240190184398,3.97639812508038E-02,F59C6.12,WBGene00044251,Public name for WBGene00044251. History: N.A.
G5EBJ7,"fbp-1,fbp,CELE_K07A3.1,K07A3.1",3.0385647500744,1.60339003521551,8.36997914328951E-13,fbp-1,WBGene00001404,Public name for WBGene00001404. History: N.A.
O45159,"fbxa-65,C17B7.11,CELE_C17B7.11",2.19951476960721,1.13718528888956,4.65529823389413E-03,fbxa-65,WBGene00015885,Public name for WBGene00015885. History: N.A.
O16766,"fbxc-27,CELE_R07C3.10,R07C3.10",1000.0,1000.0,na,fbxc-27,WBGene00019926,Public name for WBGene00019926. History: N.A.
D0VWL6,"fln-2,C23F12.1,CELE_C23F12.1",0.385547735355656,-1.37501860103137,1.78120038747536E-21,fln-2,WBGene00016006,Public name for WBGene00016006. History: Renamed on 2009-10-28
P34562,"gcc-2,T05G5.9",1000.0,1000.0,na,gcc-2,WBGene00011503,Public name for WBGene00011503. History: N.A.
Q20117,"gcs-1,F37B12.2",2.21181871831268,1.14523314646379,9.70169015133137E-47,gcs-1,WBGene00001527,Public name for WBGene00001527. History: N.A.
Q22968,"gcst-1,CELE_F25B4.1,F25B4.1",2.5638226575955,1.35829647262122,8.8129060001516E-45,gcst-1,WBGene00017765,Public name for WBGene00017765. History: N.A.
Q23621,"gdh-1,CELE_ZK829.4,ZK829.4",2.2523560656757,1.17143491515283,3.62779371806847E-66,gdh-1,WBGene00014095,Public name for WBGene00014095. History: N.A.
P30627,"glb-1,cbg-1,glo,ZK637.13",1000.0,1000.0,na,glb-1,WBGene00014030,Public name for WBGene00014030. History: N.A.
Q17339,"gld-1,T23G11.3",0.431976319904036,-1.2109758660481,3.71603602850365E-02,gld-1,WBGene00001595,Public name for WBGene00001595. History: N.A.
Q21962,"gldc-1,CELE_R12C12.1,R12C12.1",2.31960017706336,1.21387615350901,1.49242898457089E-26,gldc-1,WBGene00020022,Public name for WBGene00020022. History: N.A.
P34689,"glh-1,T21G5.3",2.55415260647592,1.35284472630479,4.79870004068481E-49,glh-1,WBGene00001598,Public name for WBGene00001598. History: N.A.
O76743,"glh-4,T12F5.3",2.91232854054672,1.54217311552334,5.64612515503823E-30,glh-4,WBGene00001601,Public name for WBGene00001601. History: N.A.
P34497,"gln-2,K03H1.1",2.13403713217457,1.09358527922609,4.70714363686435E-04,gln-2,WBGene00001603,Public name for WBGene00001603. History: N.A.
Q9N456,"glrx-10,CELE_Y34D9A.6,Y34D9A.6",2.08555819182513,1.06043356726731,4.15465887541508E-05,glrx-10,WBGene00021331,Public name for WBGene00021331. History: N.A.
O45293,"gly-8,Y66A7A.6",0.368320617173274,-1.44096593886302,2.12963319653967E-10,gly-8,WBGene00001633,Public name for WBGene00001633. History: N.A.
A0A061ACY0,GLYI,1000.0,1000.0,na,,,
Q09580,"gmps-1,M106.4",2.94265243416088,1.55711715113861,2.80794534218584E-38,gmps-1,WBGene00010912,Public name for WBGene00010912. History: N.A.
Q9N5U2,"grl-27,CELE_F40C5.3,F40C5.3",0.26277160760675,-1.92811869357188,9.52515712458693E-03,grl-27,WBGene00001736,Public name for WBGene00001736. History: N.A.
Q10039,"grs-1,T10F2.1",2.07236788153077,1.0512801293514,5.33836633299573E-61,grs-1,WBGene00001744,Other name for WBGene00001744(gars-1). History: Renamed on 2010-01-29
Q18444,"grsp-3,C34D4.11,CELE_C34D4.11",0.435959263662389,-1.19773476001803,8.03845032595278E-03,grsp-3,WBGene00016403,Public name for WBGene00016403. History: N.A.
P91252,"gst-6,F11G11.3",1000.0,1000.0,na,gst-6,WBGene00001754,Public name for WBGene00001754. History: N.A.
Q21217,"gta-1,K04D7.3",1000.0,1000.0,na,gta-1,WBGene00001794,Public name for WBGene00001794. History: N.A.
P92022,"gut-2,CELE_T10G3.6,T10G3.6",1000.0,1000.0,na,gut-2,WBGene00001808,Public name for WBGene00001808. History: N.A.
H2KYQ5,"gyg-1,F56B6.4",1000.0,1000.0,na,gyg-1,WBGene00006863,Public name for WBGene00006863. History: N.A.
Q19341,"haao-1,K06A4.5",1000.0,1000.0,na,haao-1,WBGene00010595,Public name for WBGene00010595. History: N.A.
G5EC23,"hcf-1,C46A5.9,CELE_C46A5.9",2.12490503895106,1.08739836929948,2.24609100930868E-09,hcf-1,WBGene00001827,Public name for WBGene00001827. History: N.A.
G5EDA3,"hcp-4,CELE_T03F1.9,T03F1.9",1000.0,1000.0,na,hcp-4,WBGene00001832,Public name for WBGene00001832. History: Renamed on 2015-03-05
P15796,"hil-2,Y73B6BL.9",0.358620941547541,-1.47946835853648,1.46805097368643E-07,hil-2,WBGene00001853,Public name for WBGene00001853. History: Renamed on 2010-11-12
Q22360,"him-17,CELE_T09E8.2,T09E8.2",0.449525932162253,-1.15352375084342,4.33048011631396E-02,him-17,WBGene00001874,Public name for WBGene00001874. History: N.A.
O45494,"hinf-1,CELE_F39B2.1,F39B2.1",7.22317795653688,2.85263371431519,4.51244391543257E-02,hinf-1,WBGene00009553,Public name for WBGene00009553. History: N.A.
O44476,"hoe-1,E04A4.4",0.001,-1000.0,na,hoe-1,WBGene00001983,Public name for WBGene00001983. History: N.A.
Q9U2M4,"hphd-1,Y38F1A.6",2.20694698542489,1.1420519740746,1.91846109554915E-29,hphd-1,WBGene00012608,Public name for WBGene00012608. History: N.A.
G5ED17,"hpo-11,CELE_H37N21.1,H37N21.1",1000.0,1000.0,na,hpo-11,WBGene00010427,Public name for WBGene00010427. History: N.A.
Q93795,"hpo-31,CELE_F55B12.4,F55B12.4",2.08339427401993,1.058935889473,3.64734853353093E-11,hpo-31,WBGene00010089,Public name for WBGene00010089. History: N.A.
K8FDY0,"hpo-34,CELE_F29G6.3,F29G6.3",4.52816192956249,2.17892555066088,5.69769088302199E-26,hpo-34,WBGene00009259,Public name for WBGene00009259. History: N.A.
Q05036,"hsp-110,C30C11.4",2.48629542630093,1.31399773031508,2.14805129513307E-52,hsp-110,WBGene00016250,Public name for WBGene00016250. History: N.A.
Q27511,"htz-1,R08C7.3",0.415640285932982,-1.26659260065731,4.82170248012688E-02,htz-1,WBGene00019947,Public name for WBGene00019947. History: N.A.
Q18885,"icd-1,C56C10.8",0.425285685302732,-1.23349579880051,2.74493179173137E-45,icd-1,WBGene00002045,Public name for WBGene00002045. History: N.A.
Q10663,"icl-1,gei-7,C05E4.9",2.68801553255505,1.42654147467746,6.30739975161534E-35,icl-1,WBGene00001564,Public name for WBGene00001564. History: Renamed on 2010-11-16
G5EE37,"icp-1,CELE_Y39G10AR.13,Y39G10AR.13",1000.0,1000.0,na,icp-1,WBGene00002047,Public name for WBGene00002047. History: N.A.
Q86DC6,"ifd-1,R04E5.10",1000.0,1000.0,na,ifd-1,WBGene00002057,Public name for WBGene00002057. History: N.A.
O61955,"ife-3,B0348.6",2.47119843308119,1.30521086130532,5.28280220144862E-06,ife-3,WBGene00002061,Public name for WBGene00002061. History: N.A.
Q20898,"ifet-1,spn-2,F56F3.1",2.98762435428026,1.57899876382801,1.7445023177399E-10,ifet-1,WBGene00004132,Public name for WBGene00004132. History: Renamed on 2011-08-12; Renamed on 2011-08-12
Q20751,"iff-2,F54C9.1",2.32154751282972,1.21508680742724,4.96578612844117E-14,iff-2,WBGene00002065,Public name for WBGene00002065. History: N.A.
Q20330,"ifo-1,ttm-4,CELE_F42C5.10,F42C5.10",2.78544568208931,1.4779081828247,8.3742437548923E-07,ifo-1,WBGene00018350,Public name for WBGene00018350. History: Renamed on 2013-10-04
Q09501,"ifp-1,C43C3.1",3.80706846648856,1.92868051562524,6.74034271347764E-10,ifp-1,WBGene00002067,Public name for WBGene00002067. History: N.A.
G5EFZ1,"ipgm-1,F57B10.3",2.11994030933859,1.08402364373491,3.02259257390057E-09,ipgm-1,WBGene00019001,Public name for WBGene00019001. History: N.A.
P34492,K02D10.1,1000.0,1000.0,na,K02D10.1,WBGene00019301,Public name for WBGene00019301. History: N.A.
Q21278,K07C5.6,0.267836251778154,-1.90057685147319,2.09993528875002E-07,K07C5.6,WBGene00010629,Sequence name for WBGene00010629(sluh-7). History: N.A.
Q09407,K07E1.1,2.04629695329921,1.03301552043297,6.07905558753095E-03,K07E1.1,WBGene00019489,Public name for WBGene00019489. History: N.A.
P34524,K12H4.3,0.263273689945546,-1.92536474092323,6.29016947358917E-53,K12H4.3,WBGene00019678,Public name for WBGene00019678. History: N.A.
O44408,"kgb-1,T07A9.3",2.75067605755317,1.45978624591366,1.07709432742681E-07,kgb-1,WBGene00002187,Public name for WBGene00002187. History: N.A.
Q8MQ20,"klp-4,CELE_F56E3.3,F56E3.3",0.254478326699542,-1.97438530418388,2.48125267860692E-02,klp-4,WBGene00002217,Public name for WBGene00002217. History: N.A.
O44548,"knl-2,K06A5.4",0.411232360931854,-1.28197429650611,3.42442502384314E-03,knl-2,WBGene00019432,Public name for WBGene00019432. History: Renamed on 2015-03-02
P34705,"kup-1,F10C2.2",1000.0,1000.0,na,kup-1,WBGene00002241,Public name for WBGene00002241. History: N.A.
Q20489,"lact-1,CELE_F46H5.8,F46H5.8",1000.0,1000.0,na,lact-1,WBGene00018523,Public name for WBGene00018523. History: N.A.
O01814,"lbp-5,W02D3.7",2.37874264177306,1.25019919377983,4.28426800991708E-04,lbp-5,WBGene00002257,Public name for WBGene00002257. History: N.A.
G5EBV4,"lec-10,CELE_W01A11.4,W01A11.4",1000.0,1000.0,na,lec-10,WBGene00002273,Public name for WBGene00002273. History: N.A.
Q09610,"lec-8,R07B1.10",1000.0,1000.0,na,lec-8,WBGene00002271,Public name for WBGene00002271. History: N.A.
O61967,"let-413,F26D11.11",1000.0,1000.0,na,let-413,WBGene00002632,Public name for WBGene00002632. History: N.A.
O44743,"let-607,CELE_F57B10.1,F57B10.1",1000.0,1000.0,na,let-607,WBGene00002783,Public name for WBGene00002783. History: N.A.
Q95Q62,"lfe-2,C46H11.4",1000.0,1000.0,na,lfe-2,WBGene00002979,Public name for WBGene00002979. History: N.A.
G5EEI1,"lgl-1,CELE_F56F10.4,F56F10.4",1000.0,1000.0,na,lgl-1,WBGene00018987,Public name for WBGene00018987. History: N.A.
Q27474,"lig-1,C29A12.3",1000.0,1000.0,na,lig-1,WBGene00002985,Public name for WBGene00002985. History: N.A.
P45970,"lin-5,T09A5.10",1000.0,1000.0,na,lin-5,WBGene00002994,Public name for WBGene00002994. History: N.A.
G5EBR0,"lir-1,CELE_F18A1.3,F18A1.3",6.44927440183929,2.68913685421747,6.43146408711751E-08,lir-1,WBGene00003044,Public name for WBGene00003044. History: Renamed on 2017-04-20; Renamed on 2017-05-11
Q8IG68,"lpd-2,C48E7.3,CELE_C48E7.3",0.364281901697942,-1.45687277419378,3.80428536637539E-08,lpd-2,WBGene00003059,Public name for WBGene00003059. History: N.A.
O44991,"lpd-6,CELE_K09H9.6,K09H9.6",0.429119396036101,-1.22054898305139,3.06779147252449E-16,lpd-6,WBGene00003062,Public name for WBGene00003062. History: N.A.
O44441,"mai-2,B0546.1",4.51804754248954,2.1756994519955,1.27052034751004E-02,mai-2,WBGene00015248,Public name for WBGene00015248. History: N.A.
Q18494,"maph-1.3,C36A4.5,CELE_C36A4.5",1000.0,1000.0,na,maph-1.3,WBGene00007966,Public name for WBGene00007966. History: N.A.
Q20062,"marb-1,CELE_F35G2.2,F35G2.2",2.22658845874406,1.15483492885079,2.06320334069185E-02,marb-1,WBGene00009436,Public name for WBGene00009436. History: N.A.
Q2V074,"math-4,C08F1.5,CELE_C08F1.5",1000.0,1000.0,na,math-4,WBGene00015609,Public name for WBGene00015609. History: N.A.
G5EFR6,"mca-1,4K392,CELE_W09C2.3,W09C2.3",0.245670932421269,-2.02520092555718,8.06753729751219E-03,mca-1,WBGene00003151,Public name for WBGene00003151. History: N.A.
Q9UAV5,"mdh-1,CELE_F46E10.10,F46E10.10",2.46715234902913,1.30284680619436,1.15060376484838E-09,mdh-1,WBGene00018491,Public name for WBGene00018491. History: N.A.. Other name for WBGene00003162(mdh-2). History: Renamed on 2010-08-18
Q18508,"mel-28,C38D4.3",2.98261573999589,1.57657812259051,1.67288933515923E-03,mel-28,WBGene00003210,Public name for WBGene00003210. History: N.A.
A4LBC2,"met-1,C43E11.3,CELE_C43E11.3",0.172673538499649,-2.53388108208612,2.09246589830948E-02,met-1,WBGene00016603,Public name for WBGene00016603. History: N.A.
Q2MDF2,"metl-2,CELE_Y53F4B.42,Y53F4B.42",1000.0,1000.0,na,metl-2,WBGene00044720,Public name for WBGene00044720. History: N.A.
Q09582,"metr-1,R03D7.1",0.443463440460344,-1.17311292258344,2.77323170837576E-05,metr-1,WBGene00010988,Public name for WBGene00010988. History: N.A.
Q23356,"mig-15,ZC504.4",1000.0,1000.0,na,mig-15,WBGene00003247,Public name for WBGene00003247. History: Renamed on 2014-11-04; Renamed on 2014-11-04
Q9U2L2,"mlt-3,CELE_Y39C12A.1,Y39C12A.1",1000.0,1000.0,na,mlt-3,WBGene00012704,Public name for WBGene00012704. History: N.A.
Q23381,"mmcm-1,ZK1058.1",2.23281126273338,1.15886130676877,1.37731377664421E-21,mmcm-1,WBGene00014202,Public name for WBGene00014202. History: N.A.
Q09530,"mog-5,EEED8.5",0.436401375467661,-1.19627244607358,2.54569336311307E-05,mog-5,WBGene00003393,Public name for WBGene00003393. History: N.A.
Q23243,"morc-1,CELE_ZC155.3,ZC155.3",0.423646995613577,-1.23906545697843,3.24720079537853E-10,morc-1,WBGene00022531,Public name for WBGene00022531. History: N.A.
H9G340,"mpst-3,CELE_H12D21.7,H12D21.7",1000.0,1000.0,na,mpst-3,WBGene00010383,Public name for WBGene00010383. History: N.A.
Q19625,"mrp-6,CELE_F20B6.3,F20B6.3",0.28589459020208,-1.8064447738427,2.10778220301875E-04,mrp-6,WBGene00003412,Public name for WBGene00003412. History: N.A.
P34264,"mrpl-11,B0303.15",2.31472982982955,1.21084381512225,6.04088115624184E-03,mrpl-11,WBGene00015133,Public name for WBGene00015133. History: N.A.
O45110,"mrpl-2,CELE_F56B3.8,F56B3.8",1000.0,1000.0,na,mrpl-2,WBGene00018932,Public name for WBGene00018932. History: N.A.
Q9TVW5,"msp-77,F32B6.6,msp-79,T13F2.10",3.65111906399777,1.86833871622235,4.64074404906998E-02,msp-77,WBGene00003464,Public name for WBGene00003464. History: N.A.
Q9N589,"mtm-1,Y110A7A.5",1000.0,1000.0,na,mtm-1,WBGene00003475,Public name for WBGene00003475. History: N.A.
Q27371,"mup-2,T22E5.5",0.435723917432262,-1.19851378812069,3.29831011847214E-14,mup-2,WBGene00003495,Public name for WBGene00003495. History: N.A.
Q17978,"mut-14,C14C11.6,CELE_C14C11.6",2.89255327022097,1.53234352872808,5.67125114655888E-23,mut-14,WBGene00003507,Public name for WBGene00003507. History: N.A.
Q18446,"mutd-1,C34D4.13",1000.0,1000.0,na,mutd-1,WBGene00016404,Public name for WBGene00016404. History: N.A.
Q95PZ8,"nars-2,CELE_Y66D12A.23,Y66D12A.23",1000.0,1000.0,na,nars-2,WBGene00013447,Public name for WBGene00013447. History: N.A.
Q9N489,"ncap-1,CELE_Y110A2AR.3,Y110A2AR.3",1000.0,1000.0,na,ncap-1,WBGene00022453,Public name for WBGene00022453. History: N.A.
A0A1N7SYP3,ND2,1000.0,1000.0,na,ND2,WBGene00010961,Other name for WBGene00010961(nduo-2). History: N.A.
P91148,"ndx-7,C43E11.7",2.38453735230512,1.25370938183619,1.99812772948356E-15,ndx-7,WBGene00003584,Public name for WBGene00003584. History: N.A.
Q27473,"nex-3,C28A5.3,CELE_C28A5.3",1000.0,1000.0,na,nex-3,WBGene00003590,Public name for WBGene00003590. History: N.A.
Q19818,"nhl-2,CELE_F26F4.7,F26F4.7",1000.0,1000.0,na,nhl-2,WBGene00003598,Public name for WBGene00003598. History: N.A.
Q93791,"nid-1,CELE_F54F3.1,F54F3.1",1000.0,1000.0,na,nid-1,WBGene00003738,Public name for WBGene00003738. History: N.A.
P46548,"nmt-1,T17E9.2",4.58564645474136,2.19712512996163,2.6159008647206E-60,nmt-1,WBGene00020549,Public name for WBGene00020549. History: N.A.
Q9TYV5,"nol-1,CELE_W07E6.1,W07E6.1",3.10591624477687,1.63501892603099,1.30763123388851E-08,nol-1,WBGene00021073,Other name for WBGene00021073(nsun-1). History: Renamed on 2017-08-01; Renamed on 2020-06-01
Q9U3B6,"nol-9,K09B11.2",1000.0,1000.0,na,nol-9,WBGene00010709,Public name for WBGene00010709. History: N.A.
Q9XVR8,"nola-3,C25A1.6",0.378268412767784,-1.4025177854467,5.6192054453685E-03,nola-3,WBGene00007708,Public name for WBGene00007708. History: N.A.
G5EF32,"npa-1,5H561,CELE_VC5.3,VC5.3",6.57605955485498,2.71722336457691,1.6211886052077E-06,npa-1,WBGene00003786,Public name for WBGene00003786. History: N.A.
H2KYU6,"npl-4.1,CELE_F59E12.4,F59E12.4",1000.0,1000.0,na,npl-4.1,WBGene00019120,Public name for WBGene00019120. History: N.A.
G5EC64,"nrfl-1,C01F6.6,CELE_C01F6.6",10.8359874560253,3.43775872344575,1.11566214168993E-41,nrfl-1,WBGene00006438,Public name for WBGene00006438. History: Renamed on 2012-02-07; Renamed on 2012-07-20
O44902,"nspd-1,CELE_ZK484.8,ZK484.8",1000.0,1000.0,na,nspd-1,WBGene00022754,Public name for WBGene00022754. History: N.A.
O01879,"nstp-3,CELE_ZC250.3,ZC250.3",4.10919648036325,2.03885631431398,1.69575209155196E-02,nstp-3,WBGene00022577,Public name for WBGene00022577. History: N.A.
Q21233,"nuo-4,CELE_K04G7.4,K04G7.4",25.0817836396086,4.64856804097469,6.02745059027776E-15,nuo-4,WBGene00019401,Public name for WBGene00019401. History: N.A.
Q23629,"ogdh-2,ZK836.2",1000.0,1000.0,na,ogdh-2,WBGene00014098,Public name for WBGene00014098. History: N.A.
O45750,"osm-7,CELE_T05D4.4,T05D4.4",0.391397650954179,-1.35329299749936,1.90073176781736E-05,osm-7,WBGene00003887,Public name for WBGene00003887. History: N.A.
Q9N392,"oxy-4,Y54H5A.4",1000.0,1000.0,na,oxy-4,WBGene00021902,Public name for WBGene00021902. History: N.A.
P90783,"pafo-1,C55A6.9",0.408789511992852,-1.290569912286,1.52082408516692E-02,pafo-1,WBGene00008338,Public name for WBGene00008338. History: N.A.
P90925,"pah-1,bas-2,K08F8.4",2.36021177862072,1.23891631647609,9.62116255307206E-09,pah-1,WBGene00000240,Public name for WBGene00000240. History: N.A.
P34653,"panl-3,PAN3,ZK632.7",3.80272558921031,1.92703383553196,3.86714660794877E-07,panl-3,WBGene00014015,Public name for WBGene00014015. History: N.A.
O45869,"pars-2,CELE_T27F6.5,T27F6.5",9.12032291457386,3.18908490542148,1.07079008341836E-41,pars-2,WBGene00004190,Public name for WBGene00004190. History: Renamed on 2010-01-29
A5JYS0,"pcs-1,CELE_F54D5.1,F54D5.1",1000.0,1000.0,na,pcs-1,WBGene00003960,Public name for WBGene00003960. History: N.A.
Q9U300,"pdpr-1,CELE_Y106G6H.5,Y106G6H.5",2.23553463050027,1.16061989473496,8.42247623033996E-12,pdpr-1,WBGene00013718,Public name for WBGene00013718. History: N.A.
U4PCM1,"pfs-2,CELE_R06A4.9,R06A4.9",1000.0,1000.0,na,pfs-2,WBGene00011051,Public name for WBGene00011051. History: N.A.
P34885,"pkc-1,kin-13,pkc-1b,ttx-4,F57F5.5",2.16959771520094,1.1174275642884,3.54619674014081E-02,pkc-1,WBGene00004032,Public name for WBGene00004032. History: Renamed on 2005-07-28
G5EFI8,"plc-1,F31B12.1",0.351437910641959,-1.50865826738549,1.30525026315624E-03,plc-1,WBGene00004036,Public name for WBGene00004036. History: Renamed on 2019-05-20
Q17446,"pmk-1,B0218.3",2.12928131186524,1.09036656530092,2.00922835191859E-05,pmk-1,WBGene00004055,Public name for WBGene00004055. History: N.A.
H2KYP7,"pnk-1,C10G11.5,CELE_C10G11.5",2.01521264919376,1.01093208279805,1.72831710481271E-02,pnk-1,WBGene00004068,Public name for WBGene00004068. History: N.A.
Q95ZQ5,"pnn-1,CELE_R186.7,R186.7",0.324267600303628,-1.62474321298818,6.27014230161007E-04,pnn-1,WBGene00011308,Public name for WBGene00011308. History: N.A.
K8ESK9,"pod-1,CELE_Y76A2B.1,Y76A2B.1",4.50230857551039,2.17066493842302,2.94525095094049E-40,pod-1,WBGene00004075,Public name for WBGene00004075. History: N.A.
Q19775,"ppm-1,F25D1.1",2.46976258496164,1.30437236409302,2.17966178609491E-22,ppm-1,WBGene00006460,Other name for WBGene00006460(ppm-1.A). History: Renamed on 2011-06-10; Renamed on 2018-05-24
P49596,"ppm-2,T23F11.1",2.24995878656727,1.16989857523806,1.71406045392606E-07,ppm-2,WBGene00011953,Public name for WBGene00011953. History: N.A.
P91094,"pqn-15,C24A8.3,CELE_C24A8.3",1000.0,1000.0,na,pqn-15,WBGene00004106,Public name for WBGene00004106. History: N.A.
O02238,"pqn-27,CELE_E01G4.4,E01G4.4",2.42880159262919,1.28024464187947,8.55959286898653E-05,pqn-27,WBGene00004116,Public name for WBGene00004116. History: N.A.
Q7JLH5,"pqn-70,CELE_T19B10.4,T19B10.4",3.90529329455123,1.96543090142874,3.30589684507597E-34,pqn-70,WBGene00004152,Public name for WBGene00004152. History: N.A.
Q8MXT1,"prdx-6,CELE_Y38C1AA.11,Y38C1AA.11",2.07068321784729,1.05010686065768,9.0916615683268E-09,prdx-6,WBGene00021401,Public name for WBGene00021401. History: N.A.
P90786,"prg-1,CELE_D2030.6,D2030.6",2.17979681528918,1.12419366379296,1.59068858073072E-27,prg-1,WBGene00004178,Public name for WBGene00004178. History: N.A.
O44729,"prp-17,CELE_F49D11.1,F49D11.1",0.471382199229377,-1.08503081565523,1.13767289912913E-07,prp-17,WBGene00018625,Public name for WBGene00018625. History: N.A.
G5EET8,"pud-1.2,pud-1.1,CELE_F15E11.13,CELE_Y19D10B.7,F15E11.13,Y19D10B.7",4.10934759277894,2.03890936729534,1.76560792575719E-02,pud-1.2,WBGene00021236,Public name for WBGene00021236. History: N.A.
G5EEV5,"pud-3,5C820,CELE_F15E11.15,F15E11.15",5.03880524331156,2.33308169525616,6.95831505065953E-26,pud-3,WBGene00017501,Public name for WBGene00017501. History: N.A.
Q09476,"pxl-1,tag-327,C28H8.6",1000.0,1000.0,na,pxl-1,WBGene00016197,Public name for WBGene00016197. History: N.A.
B7WNA0,"pyk-1,CELE_F25H5.3,F25H5.3",2.07500369936572,1.05311390853273,6.32705334910353E-16,pyk-1,WBGene00009126,Public name for WBGene00009126. History: N.A.
Q09413,R03D7.4,1000.0,1000.0,na,R03D7.4,WBGene00010990,Sequence name for WBGene00010990(tceb-3). History: N.A.
P30640,R08D7.1,0.341939772375861,-1.54818585675403,3.3562425185446E-02,R08D7.1,WBGene00011142,Sequence name for WBGene00011142(bud-13). History: N.A.
P30643,R08D7.4,3.23207921478032,1.69246255742456,2.8193212078287E-02,R08D7.4,WBGene00011144,Public name for WBGene00011144. History: N.A.
Q21890,R102.4,1000.0,1000.0,na,R102.4,WBGene00011291,Public name for WBGene00011291. History: N.A.
Q22743,"raga-1,CELE_T24F1.1,T24F1.1",1000.0,1000.0,na,raga-1,WBGene00006414,Public name for WBGene00006414. History: Renamed on 2007-07-20
Q21194,"rei-2,K03E6.7",1000.0,1000.0,na,rei-2,WBGene00019365,Public name for WBGene00019365. History: N.A.
O01585,"rga-3,CELE_K09H11.3,K09H11.3",1000.0,1000.0,na,rga-3,WBGene00019600,Public name for WBGene00019600. History: N.A.
Q19852,"rgl-1,CELE_F28B4.2,F28B4.2",1000.0,1000.0,na,rgl-1,WBGene00017891,Public name for WBGene00017891. History: N.A.
Q8MQB5,"rmd-2,C27H6.4,CELE_C27H6.4",2.10430297049084,1.07334243398264,1.69083332713744E-19,rmd-2,WBGene00007786,Public name for WBGene00007786. History: N.A.
O17917,"rnf-113,K01G5.1",1000.0,1000.0,na,rnf-113,WBGene00010476,Public name for WBGene00010476. History: Renamed on 2008-08-22
Q86MG7,"rnh-1.0,CELE_F59A6.6,F59A6.6",0.161332133929668,-2.63189427360546,4.82170248012688E-02,rnh-1.0,WBGene00004382,Public name for WBGene00004382. History: Renamed on 2006-03-24
Q21155,"rnp-5,CELE_K02F3.11,K02F3.11",0.234942606423163,-2.08961972763556,2.43875324575093E-18,rnp-5,WBGene00004388,Public name for WBGene00004388. History: N.A.
O02092,"rpb-4,CELE_F43E2.2,F43E2.2",2.27400980875377,1.18523847718966,1.76824818269631E-06,rpb-4,WBGene00018391,Public name for WBGene00018391. History: N.A.
Q27492,"rpc-2,CELE_F09F7.3,F09F7.3",0.457146889829752,-1.12927029026307,1.23108446261285E-10,rpc-2,WBGene00017300,Public name for WBGene00017300. History: N.A.
Q9BL19,"rpl-17,Y48G8AL.8",0.382944301106425,-1.38479352613439,1.23074282181374E-15,rpl-17,WBGene00004429,Public name for WBGene00004429. History: N.A.
P52819,"rpl-22,C27A2.2",0.39605415754333,-1.33623037297415,4.51472908613491E-21,rpl-22,WBGene00004434,Public name for WBGene00004434. History: N.A.
P48158,"rpl-23,B0336.10",0.395021427969219,-1.33999718036611,5.22327068993954E-14,rpl-23,WBGene00004435,Public name for WBGene00004435. History: N.A.
O01868,"rpl-24.1,D1007.12",0.319582789036332,-1.64573838011499,2.66455647567202E-19,rpl-24.1,WBGene00004436,Public name for WBGene00004436. History: N.A.
O17570,"rpl-38,C06B8.8",0.271828267362979,-1.87923260543437,9.39864301650443E-12,rpl-38,WBGene00004452,Public name for WBGene00004452. History: N.A.
P52814,"rpl-39,C26F1.9",0.438064517799371,-1.19078473041588,3.69087401937489E-03,rpl-39,WBGene00004453,Public name for WBGene00004453. History: N.A.
G5ED21,"rpoa-1,CELE_Y48E1A.1,Y48E1A.1",0.463298688793604,-1.10998549555879,3.42950877899982E-07,rpoa-1,WBGene00012999,Public name for WBGene00012999. History: N.A.
Q27493,"rpoa-2,CELE_F14B4.3,F14B4.3",0.391411633134348,-1.35324145998594,3.3779945134256E-05,rpoa-2,WBGene00008781,Public name for WBGene00008781. History: N.A.
Q19877,"rps-23,F28D1.7",0.328204317750823,-1.60733387627728,2.22252543490766E-02,rps-23,WBGene00004492,Public name for WBGene00004492. History: N.A.
Q23121,"rsp-1,srp-5,W02B12.3",0.140985205119077,-2.82638431964795,6.65458102004199E-23,rsp-1,WBGene00004698,Public name for WBGene00004698. History: N.A.
Q23120,"rsp-2,srp-4,W02B12.2",0.121292341387548,-3.04343963586361,1.40121068587375E-28,rsp-2,WBGene00004699,Public name for WBGene00004699. History: N.A.
Q9NEW6,"rsp-3,Y111B2A.18",0.22888605794935,-2.12729850765965,1.03808091861794E-52,rsp-3,WBGene00004700,Public name for WBGene00004700. History: N.A.
Q09511,"rsp-4,srp-2,EEED8.7",0.149179430629113,-2.7448794693153,6.49519315824769E-29,rsp-4,WBGene00004701,Public name for WBGene00004701. History: N.A.
Q10021,"rsp-5,srp-3,T28D9.2",0.0884715356083637,-3.49864282544962,3.51878303824567E-14,rsp-5,WBGene00004702,Public name for WBGene00004702. History: N.A.
Q18409,"rsp-6,srp-1,C33H5.12",0.119820090127788,-3.06105827108671,2.12656274007991E-28,rsp-6,WBGene00004703,Public name for WBGene00004703. History: N.A.
O01159,"rsp-7,D2089.1",0.232112869271498,-2.10710158116894,4.69280156802068E-08,rsp-7,WBGene00004704,Public name for WBGene00004704. History: N.A.
Q9XTZ2,"rsp-8,C18D11.4,CELE_C18D11.4",0.167545019914261,-2.5773792901819,1.56831463263595E-19,rsp-8,WBGene00004705,Public name for WBGene00004705. History: N.A.
Q9U252,"rsy-1,CELE_Y53H1A.1,Y53H1A.1",0.164760612236022,-2.60155670263003,4.33125960561059E-02,rsy-1,WBGene00013177,Public name for WBGene00013177. History: N.A.
G5EBY0,"rtfo-1,F25B3.6",0.248284040885698,-2.0099365634371,1.19371451792906E-06,rtfo-1,WBGene00009103,Public name for WBGene00009103. History: N.A.
O17680,"sams-1,C49F5.1",2.2336638241892,1.15941207048081,1.71784989418921E-21,sams-1,WBGene00008205,Public name for WBGene00008205. History: Renamed on 2016-06-14
G5EEK8,"sca-1,mca-4,CELE_K11D9.2,K11D9.2",0.394005629873639,-1.34371185065558,1.09015074914719E-15,sca-1,WBGene00004736,Public name for WBGene00004736. History: N.A.
Q09415,"set-14,R06F6.4",2.56821347815572,1.36076512889166,1.40981615738028E-02,set-14,WBGene00011068,Public name for WBGene00011068. History: N.A.
A9D2P7,"seu-1,CELE_Y73B6BL.5,Y73B6BL.5",1000.0,1000.0,na,seu-1,WBGene00004783,Public name for WBGene00004783. History: N.A.
G5EF97,"sfa-1,sf1,CELE_Y116A8C.32,Y116A8C.32",0.4461811111546,-1.16429865575713,6.56531349941365E-19,sfa-1,WBGene00013808,Public name for WBGene00013808. History: Renamed on 2006-09-01
G5EEW6,"sig-7,F39H2.2",0.185826618252306,-2.42797092325254,1.8879532497624E-45,sig-7,WBGene00000890,Public name for WBGene00000890. History: Renamed on 2006-01-05
G5EE67,"skr-3,CELE_F44G3.6,F44G3.6",2.29367072756229,1.19765829727833,9.76315245488008E-09,skr-3,WBGene00004809,Public name for WBGene00004809. History: N.A.
Q9U1Y9,"skr-4,CELE_Y60A3A.18,Y60A3A.18",2.09900181857079,1.06970341657858,2.47126444009494E-06,skr-4,WBGene00004810,Public name for WBGene00004810. History: N.A.
O76512,"smg-2,Y48G8AL.6",2.37503830224714,1.24795077997682,1.29203635246891E-64,smg-2,WBGene00004880,Public name for WBGene00004880. History: N.A.
G5EEG7,"smu-1,CC4.3,CELE_CC4.3",2.03407312874071,1.02437154771805,4.30621566110159E-08,smu-1,WBGene00004895,Public name for WBGene00004895. History: N.A.
Q94050,"sna-2,CELE_T13F2.7,T13F2.7",0.22097075808538,-2.17807263005111,7.01919112520385E-11,sna-2,WBGene00011747,Public name for WBGene00011747. History: N.A.
Q9XTU6,"snr-6,Y49E10.15",1000.0,1000.0,na,snr-6,WBGene00004919,Public name for WBGene00004919. History: N.A.
Q21739,"snrp-27,CELE_R05D11.7,R05D11.7",0.261923218628587,-1.93278413937771,9.20740699050562E-04,snrp-27,WBGene00011035,Public name for WBGene00011035. History: N.A.
Q9GYJ9,"snx-1,C05D9.1,CELE_C05D9.1",2.4147686275765,1.27188496304072,1.1537670625807E-07,snx-1,WBGene00004927,Public name for WBGene00004927. History: Renamed on 2014-09-25
Q22875,"soc-2,sur-8,AC7.2",2.24590247893091,1.16729528472102,1.54634913751436E-06,soc-2,WBGene00004929,Public name for WBGene00004929. History: N.A.
Q17334,"sodh-1,K12G11.3",4.00641583381895,2.00231216909217,4.62615858650052E-42,sodh-1,WBGene00010790,Other name for WBGene00010790(adh-1). History: Renamed on 2004-08-25; Renamed on 2021-12-09
Q8MNV0,"spas-1,C24B5.2",2.57661730003419,1.36547827241546,4.17607144627735E-04,spas-1,WBGene00016045,Public name for WBGene00016045. History: N.A.
Q17626,"spch-1,C04G2.8,CELE_C04G2.8",0.223093814825126,-2.1642775788168,3.13945928568348E-02,spch-1,WBGene00007307,Public name for WBGene00007307. History: N.A.
B4E3X6,"spds-1,CELE_Y46G5A.19,Y46G5A.19",2.12175720972798,1.08525957973935,1.52041019662717E-10,spds-1,WBGene00012909,Public name for WBGene00012909. History: N.A.
P54217,"spe-11,F48C1.7",0.447591492114211,-1.15974548127478,2.56056254911205E-02,spe-11,WBGene00004965,Public name for WBGene00004965. History: N.A.
Q9N3Z0,"sqst-2,CELE_Y40C5A.1,Y40C5A.1",0.208919947432508,-2.25897784906891,1.52803099874537E-04,sqst-2,WBGene00021495,Public name for WBGene00021495. History: N.A.
Q23347,"ssq-3,CELE_ZC477.1,ZC477.1",1000.0,1000.0,na,ssq-3,WBGene00006052,Public name for WBGene00006052. History: N.A.
Q9NAD6,"sta-1,Y51H4A.17",1000.0,1000.0,na,sta-1,WBGene00013111,Public name for WBGene00013111. History: N.A.
Q20977,"sta-2,stat-b,F58E6.1",2.10302236484876,1.07246419266828,1.60159588957313E-02,sta-2,WBGene00010251,"Public name for WBGene00010251. History: Split into marc-1(WBGene00077696), F58E6.13(WBGene00077697). History of WBGene00010251: Split into ""WBGene00077697"" on 2008-03-27"
P53596,"sucl-1,C05G5.4",2.13014434412064,1.09095119453152,8.31239571846651E-13,sucl-1,WBGene00007350,Public name for WBGene00007350. History: N.A.
Q564Z8,"suds-3,CELE_T07C12.14,T07C12.14",0.350278467990408,-1.51342578810112,3.2064696418386E-02,suds-3,WBGene00044204,Public name for WBGene00044204. History: N.A.
D5MCR3,"sup-26,CELE_R10E4.2,R10E4.2",2.89366143698422,1.53289613411667,9.87404636802398E-08,sup-26,WBGene00006331,Public name for WBGene00006331. History: Renamed on 2010-10-07
Q94207,"sup-36,CELE_F38A5.7,F38A5.7",1000.0,1000.0,na,sup-36,WBGene00018164,Public name for WBGene00018164. History: N.A.
Q9N537,"szy-2,CELE_Y32H12A.4,Y32H12A.4",2.40052978719506,1.26335283792193,3.92701838063735E-04,szy-2,WBGene00021312,Public name for WBGene00021312. History: N.A.
G5EGU9,"szy-20,szy-20A,C18E9.3,CELE_C18E9.3",1000.0,1000.0,na,szy-20,WBGene00004105,Public name for WBGene00004105. History: Renamed on 2008-10-08
P91408,T01B11.2,2.58908927182849,1.37244471023758,1.47330518286952E-03,T01B11.2,WBGene00020139,Sequence name for WBGene00020139(eppl-1). History: N.A.
Q9XVJ2,T03F6.3,1000.0,1000.0,na,T03F6.3,WBGene00011399,Public name for WBGene00011399. History: N.A.
O44410,T07A9.8,0.393303558890833,-1.34628485401481,6.69148709823904E-25,T07A9.8,WBGene00020296,Sequence name for WBGene00020296(rrp-8). History: Renamed on 2018-12-11; Renamed on 2019-07-02
Q94045,T13F2.2,0.134301786468256,-2.89644959941648,1.34289039997202E-32,T13F2.2,WBGene00011743,Public name for WBGene00011743. History: N.A.
Q10009,T19C3.3,2.60752290361972,1.3826799249573,1.97633299267771E-07,T19C3.3,WBGene00020561,Public name for WBGene00020561. History: N.A.
O01615,T19H12.2,2.04528937326614,1.03230497414096,5.2946436911395E-06,T19H12.2,WBGene00020588,Public name for WBGene00020588. History: N.A.
Q9GZH3,T22D1.3,1000.0,1000.0,na,T22D1.3,WBGene00020682,Public name for WBGene00020682. History: N.A.
G5EEM6,"tap-1,C44H4.5",2.19313905373517,1.13299728751274,8.26841207125308E-10,tap-1,WBGene00006524,Public name for WBGene00006524. History: N.A.
G5EF83,"tasp-1,CELE_K01G5.9,K01G5.9",3.00525873917371,1.58748920579616,1.91642688046726E-02,tasp-1,WBGene00010480,Public name for WBGene00010480. History: N.A.
Q9U2D8,"tbc-17,CELE_Y46G5A.1,Y46G5A.1",2.03787250806976,1.02706379746599,4.00499379271521E-02,tbc-17,WBGene00012894,Public name for WBGene00012894. History: N.A.
Q93573,"tct-1,F25H2.11",2.24402630662838,1.16608958870065,1.61444546650698E-40,tct-1,WBGene00009122,Public name for WBGene00009122. History: N.A.
Q93565,"tli-1,CELE_F25H2.1,F25H2.1",2.42240722956778,1.27644141610257,1.057350618635E-03,tli-1,WBGene00006578,Public name for WBGene00006578. History: N.A.
P34314,"tlk-1,C07A9.3",1000.0,1000.0,na,tlk-1,WBGene00006579,Public name for WBGene00006579. History: N.A.
Q20334,"tni-1,F42E11.4",0.363824514940482,-1.45868533806762,6.68820013727316E-10,tni-1,WBGene00006584,Public name for WBGene00006584. History: N.A.
H2KYL8,"tnt-3,C14F5.3,CELE_C14F5.3",1000.0,1000.0,na,tnt-3,WBGene00006588,Public name for WBGene00006588. History: Renamed on 2008-09-04
Q19253,"toca-1,F09E10.8",3.2036450981579,1.67971433392414,1.72864712486201E-25,toca-1,WBGene00017298,Public name for WBGene00017298. History: N.A.
O17966,"top-1,M01E5.5",0.123880104937396,-3.01298358467144,8.41640374843105E-40,top-1,WBGene00006595,Public name for WBGene00006595. History: N.A.
Q95XT5,"trap-1,CELE_Y71F9AM.6,Y71F9AM.6",0.458823026594786,-1.12399029830152,6.38367097820655E-13,trap-1,WBGene00022122,Public name for WBGene00022122. History: N.A.
P52709,"trs-1,C47D12.6",2.1233368338726,1.08633325019361,4.39124437278341E-39,trs-1,WBGene00006617,Other name for WBGene00006617(tars-1). History: Renamed on 2010-01-29
P55955,"ttr-16,Y5F2A.1",2.15885719142365,1.11026781212412,4.52446607613626E-03,ttr-16,WBGene00012382,Public name for WBGene00012382. History: N.A.
P34500,"ttr-2,K03H1.4",2.27963629176578,1.18880366565218,1.20304919347094E-02,ttr-2,WBGene00010539,Public name for WBGene00010539. History: N.A.
Q03575,"ttr-5,C40H1.5",1000.0,1000.0,na,ttr-5,WBGene00008040,Public name for WBGene00008040. History: N.A.
H2KYJ2,"ttr-59,CELE_T08A9.11,T08A9.11",1000.0,1000.0,na,ttr-59,WBGene00020339,Public name for WBGene00020339. History: N.A.
G5EES9,"txl-1,txl,CELE_Y54E10A.3,Y54E10A.3",2.23025740439755,1.15721022791108,1.69423530317091E-10,txl-1,WBGene00021826,Public name for WBGene00021826. History: N.A.
P52478,"ubc-1,C35B1.1",3.40204325062157,1.76640148228896,3.79664235418637E-04,ubc-1,WBGene00006701,Public name for WBGene00006701. History: N.A.
Q95XX0,"ubc-13,Y54G2A.31",2.58616979408475,1.3708169979024,1.92810142470448E-05,ubc-13,WBGene00006708,Public name for WBGene00006708. History: N.A.
Q95017,"ubc-9,F29B9.6",4.07507630776264,2.02682707475476,4.42624639285008E-08,ubc-9,WBGene00006706,Public name for WBGene00006706. History: N.A.
H2L056,"ubxn-3,CELE_F48A11.5,F48A11.5",5.22985363888378,2.38677057220622,2.61263605564203E-08,ubxn-3,WBGene00018586,Public name for WBGene00018586. History: N.A.
Q8WTJ4,"ubxn-6,CELE_H06H21.6,H06H21.6",1000.0,1000.0,na,ubxn-6,WBGene00019163,"Public name for WBGene00019163. History: Split into H06H21.37(WBGene00302995). History of WBGene00019163: Split into ""WBGene00302995"" on 2018-03-06"
G5EDZ2,"umps-1,rad-6,T07C4.1",3.01117492230551,1.5903265181631,1.12996142979328E-06,umps-1,WBGene00011559,Public name for WBGene00011559. History: Renamed on 2014-11-12
P10567,"unc-15,F07A5.7",2.45269353305218,1.29436697871104,9.20658567670923E-16,unc-15,WBGene00006754,Public name for WBGene00006754. History: N.A.
P34815,"unc-18,lan-2,F27D9.1",2.87861360760195,1.52537415089945,1.41462842832592E-04,unc-18,WBGene00006757,Public name for WBGene00006757. History: N.A.
E0AHA7,"unc-70,CELE_K11C4.3,K11C4.3",1000.0,1000.0,na,unc-70,WBGene00006803,Public name for WBGene00006803. History: N.A.
O61528,"unc-73,CELE_F55C7.7,F55C7.7",1000.0,1000.0,na,unc-73,WBGene00006805,Public name for WBGene00006805. History: Renamed on 2015-03-04
Q19203,"unc-98,F08C6.7",2.41004608347813,1.26906073308168,6.41895876628457E-03,unc-98,WBGene00006827,"Public name for WBGene00006827. History: Split into F08C6.18(WBGene00303053). History of WBGene00006827: Split into ""WBGene00303053"" on 2018-03-02"
Q23652,"usip-1,CELE_ZK863.4,ZK863.4",3.34847999891758,1.74350635059491,9.973288719799E-10,usip-1,WBGene00014124,Public name for WBGene00014124. History: N.A.
P91303,"vha-10,F46F11.5",2.04411546848975,1.03147669388433,5.82486558287808E-09,vha-10,WBGene00006919,Public name for WBGene00006919. History: N.A.
Q9XXU9,"vha-11,Y38F2AL.3",0.310768247303386,-1.68608899074968,1.78601993945618E-02,vha-11,WBGene00006920,Public name for WBGene00006920. History: N.A.
Q19626,"vha-12,F20B6.2",2.83082722182513,1.50122369773436,4.31840666896591E-39,vha-12,WBGene00006921,Public name for WBGene00006921. History: N.A.
Q9XW92,"vha-13,Y49A3A.2",2.23327727517252,1.15916238178405,1.56594497590584E-68,vha-13,WBGene00013025,Public name for WBGene00013025. History: Renamed on 2005-03-17
P34462,"vha-14,F55H2.2",2.63955013572085,1.4002920688761,1.63559155631976E-09,vha-14,WBGene00010130,Public name for WBGene00010130. History: N.A.
Q95X44,"vha-8,C17H12.14,CELE_C17H12.14",2.6625531712642,1.41281033628804,5.3136404857705E-32,vha-8,WBGene00006917,Public name for WBGene00006917. History: N.A.
P06125,"vit-5,C04F6.1",1000.0,1000.0,na,vit-5,WBGene00006929,Public name for WBGene00006929. History: N.A.
Q86D99,"vps-29,CELE_ZK1128.8,ZK1128.8",1000.0,1000.0,na,vps-29,WBGene00014234,Public name for WBGene00014234. History: N.A.
Q95XW9,"vrp-1,CELE_Y54G2A.3,Y54G2A.3",1000.0,1000.0,na,vrp-1,WBGene00021869,Public name for WBGene00021869. History: N.A.
O16999,W03F9.1,2.3645912030157,1.24159078806382,2.49930676193312E-17,W03F9.1,WBGene00020999,Public name for WBGene00020999. History: N.A.
Q21770,"wago-1,R06C7.1",2.15807283559393,1.10974355703024,3.11055965486273E-30,wago-1,WBGene00011061,Public name for WBGene00011061. History: N.A.
Q5WRR1,"wrk-1,CELE_F41D9.3,F41D9.3",0.001,-1000.0,na,wrk-1,WBGene00006942,Public name for WBGene00006942. History: N.A.
P91305,"xrep-4,CELE_F46F11.6,F46F11.6",1000.0,1000.0,na,xrep-4,WBGene00018509,Public name for WBGene00018509. History: N.A.
Q9NAJ4,Y38E10A.17,0.379604702219707,-1.39743023154036,5.91397892048492E-03,Y38E10A.17,WBGene00012595,Public name for WBGene00012595. History: N.A.
Q9XXC8,Y48A6B.9,1000.0,1000.0,na,Y48A6B.9,WBGene00012970,Public name for WBGene00012970. History: N.A.
O18229,Y57G11C.3,2.25118843528558,1.17068682235135,6.28406700379862E-16,Y57G11C.3,WBGene00013301,Public name for WBGene00013301. History: N.A.
Q19404,"yap-1,F13E6.4",6.26742802342562,2.64787352291511,3.23917834795775E-05,yap-1,WBGene00008748,Public name for WBGene00008748. History: N.A.
K8FE02,"zbp-1,CELE_M88.5,M88.5",2.92876376397373,1.55029182917206,6.89006616803774E-22,zbp-1,WBGene00010908,Other name for WBGene00010908(imph-1). History: Renamed on 2018-03-19
P34594,ZC262.2,0.213787524373911,-2.22575042821359,3.32393022969223E-07,ZC262.2,WBGene00022579,Public name for WBGene00022579. History: N.A.
Q18418,"zgpa-1,C33H5.17,CELE_C33H5.17",0.281445686632699,-1.82907155690121,2.18792355756836E-08,zgpa-1,WBGene00016383,Public name for WBGene00016383. History: N.A.
P34601,ZK1098.2,9.97346074947135,3.3180942006875,4.02176538913367E-02,ZK1098.2,WBGene00014219,Public name for WBGene00014219. History: N.A.
P34621,ZK1236.5,1000.0,1000.0,na,ZK1236.5,WBGene00022864,Public name for WBGene00022864. History: N.A.
Q23525,ZK546.14,0.168026689395589,-2.57323768569015,1.67999531317571E-23,ZK546.14,WBGene00022765,Public name for WBGene00022765. History: N.A.
P30629,ZK637.2,2.68573165192829,1.42531516337569,1.56196691965525E-04,ZK637.2,WBGene00014022,Public name for WBGene00014022. History: N.A.
P30651,ZK643.5,0.248343803798926,-2.00958934303904,1.76935435257637E-20,ZK643.5,WBGene00014036,Public name for WBGene00014036. History: N.A.
Q9U3F4,"zyx-1,F42G4.3",1000.0,1000.0,na,zyx-1,WBGene00006999,Public name for WBGene00006999. History: N.A.