# CSR-1 22G-RNA targets,,,,,,
# CSR-1 targets > 1 RPM,> 1 RPM in IP and log2FC (IP/Input) > 1,,,,,
# CSR-1 targets > 50 RPM,> 50 RPM in IP and log2FC (IP/Input) > 1,,,,,
# CSR-1 targets > 150 RPM,> 150 RPM in IP and log2FC (IP/Input) > 1,,,,,
# Sorted embryos,1 cell,early vs 1-cell,late vs 1-cell,,,
# Stable,> 1TPM,has to be -0.5< log2FC <0.5,has to be -0.5< log2FC <0.5,,,
# Late degraded,> 1TPM,has to be -0.5< log2FC <0.5,has to be log2FC < -1,,,
# Early degraded,> 1TPM,has to be log2FC < -1,has to be log2FC < -1,,,
# Maternal cleared ,> 1TPM,has to be log2FC < -0.5,has to be log2FC < -1,,,
# Newly zygotic,< 1TPM,> 1TPM and log2FC > 1,> 1TPM and log2FC > 1,,,
# Maternal and zygotic,> 1TPM,log2FC > 0.5,,,,
# Maternal and zygotic,> 1TPM,,log2FC > 0.5,,,
# all in 1-Cell,> 1TPM,,,,,
Maternal cleared (1320),Unnamed: 1,Unnamed: 2,Unnamed: 3,Input,Suggested Match,History
WBGene00000041,,,,WBGene00000041,WBGene00000041,History: N.A.
WBGene00000093,,,,WBGene00000093,WBGene00000093,History: N.A.
WBGene00000101,,,,WBGene00000101,WBGene00000101,History: N.A.
WBGene00000107,,,,WBGene00000107,WBGene00000107,History: N.A.
WBGene00000155,,,,WBGene00000155,WBGene00000155,History: N.A.
WBGene00000186,,,,WBGene00000186,WBGene00000186,History: N.A.
WBGene00000200,,,,WBGene00000200,WBGene00000200,History: N.A.
WBGene00000203,,,,WBGene00000203,WBGene00000203,History: N.A.
WBGene00000204,,,,WBGene00000204,WBGene00000204,History: N.A.
WBGene00000250,,,,WBGene00000250,WBGene00000250,History: N.A.
WBGene00000268,,,,WBGene00000268,WBGene00000268,History: N.A.
WBGene00000378,,,,WBGene00000378,WBGene00000378,History: N.A.
WBGene00000379,,,,WBGene00000379,WBGene00000379,History: N.A.
WBGene00000380,,,,WBGene00000380,WBGene00000380,History: N.A.
WBGene00000381,,,,WBGene00000381,WBGene00000381,History: N.A.
WBGene00000392,,,,WBGene00000392,WBGene00000392,History: N.A.
WBGene00000407,,,,WBGene00000407,WBGene00000407,History: N.A.
WBGene00000417,,,,WBGene00000417,WBGene00000417,History: N.A.
WBGene00000420,,,,WBGene00000420,WBGene00000420,History: N.A.
WBGene00000465,,,,WBGene00000465,WBGene00000465,History: Renamed on 2006-06-16; Renamed on 2008-01-14
WBGene00000467,,,,WBGene00000467,WBGene00000467,History: N.A.
WBGene00000473,,,,WBGene00000473,WBGene00000473,History: N.A.
WBGene00000474,,,,WBGene00000474,WBGene00000474,History: N.A.
WBGene00000496,,,,WBGene00000496,WBGene00000496,History: N.A.
WBGene00000499,,,,WBGene00000499,WBGene00000499,History: N.A.
WBGene00000507,,,,WBGene00000507,WBGene00000507,History: N.A.
WBGene00000517,,,,WBGene00000517,WBGene00000517,History: N.A.
WBGene00000530,,,,WBGene00000530,WBGene00000530,History: N.A.
WBGene00000533,,,,WBGene00000533,WBGene00000533,History: Renamed on 2017-02-17
WBGene00000537,,,,WBGene00000537,WBGene00000537,History: N.A.
WBGene00000615,,,,WBGene00000615,WBGene00000615,History: N.A.
WBGene00000644,,,,WBGene00000644,WBGene00000644,History: N.A.
WBGene00000761,,,,WBGene00000761,WBGene00000761,History: Renamed on 2015-03-04
WBGene00000767,,,,WBGene00000767,WBGene00000767,History: N.A.
WBGene00000770,,,,WBGene00000770,WBGene00000770,History: N.A.
WBGene00000777,,,,WBGene00000777,WBGene00000777,History: N.A.
WBGene00000797,,,,WBGene00000797,WBGene00000797,History: N.A.
WBGene00000817,,,,WBGene00000817,WBGene00000817,History: N.A.
WBGene00000866,,,,WBGene00000866,WBGene00000866,History: N.A.
WBGene00000867,,,,WBGene00000867,WBGene00000867,History: N.A.
WBGene00000877,,,,WBGene00000877,WBGene00000877,History: N.A.
WBGene00000879,,,,WBGene00000879,WBGene00000879,History: N.A.
WBGene00000883,,,,WBGene00000883,WBGene00000883,History: N.A.
WBGene00000894,,,,WBGene00000894,WBGene00000894,History: N.A.
WBGene00000912,,,,WBGene00000912,WBGene00000912,History: N.A.
WBGene00000913,,,,WBGene00000913,WBGene00000913,History: N.A.
WBGene00000915,,,,WBGene00000915,WBGene00000915,History: Renamed on 2017-08-01
WBGene00000935,,,,WBGene00000935,WBGene00000935,History: N.A.
WBGene00000985,,,,WBGene00000985,WBGene00000985,History: N.A.
WBGene00001020,,,,WBGene00001020,WBGene00001020,History: N.A.
WBGene00001034,,,,WBGene00001034,WBGene00001034,History: N.A.
WBGene00001044,,,,WBGene00001044,WBGene00001044,History: N.A.
WBGene00001046,,,,WBGene00001046,WBGene00001046,History: N.A.
WBGene00001058,,,,WBGene00001058,WBGene00001058,History: N.A.
WBGene00001092,,,,WBGene00001092,WBGene00001092,History: N.A.
WBGene00001094,,,,WBGene00001094,WBGene00001094,History: Renamed on 2010-01-29
WBGene00001119,,,,WBGene00001119,WBGene00001119,History: N.A.
WBGene00001137,,,,WBGene00001137,WBGene00001137,History: N.A.
WBGene00001151,,,,WBGene00001151,WBGene00001151,History: N.A.
WBGene00001154,,,,WBGene00001154,WBGene00001154,History: N.A.
WBGene00001175,,,,WBGene00001175,WBGene00001175,History: N.A.
WBGene00001214,,,,WBGene00001214,WBGene00001214,History: N.A.
WBGene00001239,,,,WBGene00001239,WBGene00001239,History: N.A.
WBGene00001371,,,,WBGene00001371,WBGene00001371,History: N.A.
WBGene00001401,,,,WBGene00001401,WBGene00001401,History: N.A.
WBGene00001402,,,,WBGene00001402,WBGene00001402,History: N.A.
WBGene00001404,,,,WBGene00001404,WBGene00001404,History: N.A.
WBGene00001405,,,,WBGene00001405,WBGene00001405,History: N.A.
WBGene00001413,,,,WBGene00001413,WBGene00001413,History: N.A.
WBGene00001431,,,,WBGene00001431,WBGene00001431,History: N.A.
WBGene00001481,,,,WBGene00001481,WBGene00001481,History: N.A.
WBGene00001482,,,,WBGene00001482,WBGene00001482,History: N.A.
WBGene00001496,,,,WBGene00001496,WBGene00001496,History: N.A.
WBGene00001497,,,,WBGene00001497,WBGene00001497,History: Renamed on 2010-01-29; Renamed on 2015-03-04
WBGene00001499,,,,WBGene00001499,WBGene00001499,History: N.A.
WBGene00001503,,,,WBGene00001503,WBGene00001503,History: N.A.
WBGene00001514,,,,WBGene00001514,WBGene00001514,History: Renamed on 2008-09-15
WBGene00001571,,,,WBGene00001571,WBGene00001571,History: N.A.
WBGene00001595,,,,WBGene00001595,WBGene00001595,History: N.A.
WBGene00001596,,,,WBGene00001596,WBGene00001596,History: N.A.
WBGene00001597,,,,WBGene00001597,WBGene00001597,History: N.A.
WBGene00001599,,,,WBGene00001599,WBGene00001599,History: N.A.
WBGene00001601,,,,WBGene00001601,WBGene00001601,History: N.A.
WBGene00001606,,,,WBGene00001606,WBGene00001606,History: N.A.
WBGene00001607,,,,WBGene00001607,WBGene00001607,History: N.A.
WBGene00001632,,,,WBGene00001632,WBGene00001632,History: N.A.
WBGene00001645,,,,WBGene00001645,WBGene00001645,History: N.A.
WBGene00001647,,,,WBGene00001647,WBGene00001647,History: N.A.
WBGene00001683,,,,WBGene00001683,WBGene00001683,History: N.A.
WBGene00001686,,,,WBGene00001686,WBGene00001686,History: N.A.
WBGene00001709,,,,WBGene00001709,WBGene00001709,History: N.A.
WBGene00001744,,,,WBGene00001744,WBGene00001744,History: Renamed on 2010-01-29
WBGene00001749,,,,WBGene00001749,WBGene00001749,History: N.A.
WBGene00001753,,,,WBGene00001753,WBGene00001753,History: N.A.
WBGene00001755,,,,WBGene00001755,WBGene00001755,History: N.A.
WBGene00001780,,,,WBGene00001780,WBGene00001780,History: N.A.
WBGene00001792,,,,WBGene00001792,WBGene00001792,History: N.A.
WBGene00001793,,,,WBGene00001793,WBGene00001793,History: N.A.
WBGene00001812,,,,WBGene00001812,WBGene00001812,History: N.A.
WBGene00001815,,,,WBGene00001815,WBGene00001815,History: N.A.
WBGene00001856,,,,WBGene00001856,WBGene00001856,History: Renamed on 2010-11-12
WBGene00001862,,,,WBGene00001862,WBGene00001862,History: N.A.
WBGene00001864,,,,WBGene00001864,WBGene00001864,History: N.A.
WBGene00001865,,,,WBGene00001865,WBGene00001865,History: N.A.
WBGene00001867,,,,WBGene00001867,WBGene00001867,History: N.A.
WBGene00001872,,,,WBGene00001872,WBGene00001872,History: N.A.
WBGene00001973,,,,WBGene00001973,WBGene00001973,History: N.A.
WBGene00001977,,,,WBGene00001977,WBGene00001977,History: N.A.
WBGene00001985,,,,WBGene00001985,WBGene00001985,History: N.A.
WBGene00002005,,,,WBGene00002005,WBGene00002005,History: N.A.
WBGene00002010,,,,WBGene00002010,WBGene00002010,History: N.A.
WBGene00002025,,,,WBGene00002025,WBGene00002025,History: N.A.
WBGene00002032,,,,WBGene00002032,WBGene00002032,History: N.A.
WBGene00002034,,,,WBGene00002034,WBGene00002034,History: N.A.
WBGene00002042,,,,WBGene00002042,WBGene00002042,History: N.A.
WBGene00002043,,,,WBGene00002043,WBGene00002043,History: N.A.
WBGene00002046,,,,WBGene00002046,WBGene00002046,History: Renamed on 2010-11-16
WBGene00002061,,,,WBGene00002061,WBGene00002061,History: N.A.
WBGene00002070,,,,WBGene00002070,WBGene00002070,History: N.A.
WBGene00002072,,,,WBGene00002072,WBGene00002072,History: N.A.
WBGene00002073,,,,WBGene00002073,WBGene00002073,History: N.A.
WBGene00002080,,,,WBGene00002080,WBGene00002080,History: Renamed on 2008-01-30
WBGene00002136,,,,WBGene00002136,WBGene00002136,History: N.A.
WBGene00002143,,,,WBGene00002143,WBGene00002143,History: N.A.
WBGene00002144,,,,WBGene00002144,WBGene00002144,History: N.A.
WBGene00002180,,,,WBGene00002180,WBGene00002180,History: N.A.
WBGene00002183,,,,WBGene00002183,WBGene00002183,History: N.A.
WBGene00002214,,,,WBGene00002214,WBGene00002214,History: N.A.
WBGene00002219,,,,WBGene00002219,WBGene00002219,History: N.A.
WBGene00002225,,,,WBGene00002225,WBGene00002225,History: N.A.
WBGene00002226,,,,WBGene00002226,WBGene00002226,History: N.A.
WBGene00002238,,,,WBGene00002238,WBGene00002238,History: Renamed on 2010-01-29
WBGene00002250,,,,WBGene00002250,WBGene00002250,History: N.A.
WBGene00002256,,,,WBGene00002256,WBGene00002256,History: N.A.
WBGene00002263,,,,WBGene00002263,WBGene00002263,History: N.A.
WBGene00002264,,,,WBGene00002264,WBGene00002264,History: N.A.
WBGene00002368,,,,WBGene00002368,WBGene00002368,History: N.A.
WBGene00002879,,,,WBGene00002879,WBGene00002879,History: N.A.
WBGene00002982,,,,WBGene00002982,WBGene00002982,History: Renamed on 2007-03-15
WBGene00002986,,,,WBGene00002986,WBGene00002986,History: N.A.
WBGene00002992,,,,WBGene00002992,WBGene00002992,History: Renamed on 2006-10-05
WBGene00002996,,,,WBGene00002996,WBGene00002996,"History: Split into Y54G11A.17(WBGene00185067). History of WBGene00002996: Split into ""WBGene00185067"" on 2009-03-06"
WBGene00003010,,,,WBGene00003010,WBGene00003010,History: N.A.
WBGene00003026,,,,WBGene00003026,WBGene00003026,History: Renamed on 2005-08-24
WBGene00003030,,,,WBGene00003030,WBGene00003030,History: N.A.
WBGene00003043,,,,WBGene00003043,WBGene00003043,History: N.A.
WBGene00003064,,,,WBGene00003064,WBGene00003064,History: Renamed on 2021-04-19
WBGene00003082,,,,WBGene00003082,WBGene00003082,History: N.A.
WBGene00003086,,,,WBGene00003086,WBGene00003086,History: N.A.
WBGene00003107,,,,WBGene00003107,WBGene00003107,History: N.A.
WBGene00003162,,,,WBGene00003162,WBGene00003162,History: Renamed on 2010-08-18
WBGene00003184,,,,WBGene00003184,WBGene00003184,History: N.A.
WBGene00003228,,,,WBGene00003228,WBGene00003228,History: N.A.
WBGene00003230,,,,WBGene00003230,WBGene00003230,History: N.A.
WBGene00003236,,,,WBGene00003236,WBGene00003236,History: N.A.
WBGene00003395,,,,WBGene00003395,WBGene00003395,History: N.A.
WBGene00003405,,,,WBGene00003405,WBGene00003405,History: N.A.
WBGene00003410,,,,WBGene00003410,WBGene00003410,History: N.A.
WBGene00003413,,,,WBGene00003413,WBGene00003413,History: N.A.
WBGene00003415,,,,WBGene00003415,WBGene00003415,History: Renamed on 2010-01-29; Renamed on 2015-03-25
WBGene00003421,,,,WBGene00003421,WBGene00003421,History: N.A.
WBGene00003422,,,,WBGene00003422,WBGene00003422,History: N.A.
WBGene00003479,,,,WBGene00003479,WBGene00003479,History: N.A.
WBGene00003499,,,,WBGene00003499,WBGene00003499,History: Renamed on 2006-07-10
WBGene00003507,,,,WBGene00003507,WBGene00003507,History: N.A.
WBGene00003509,,,,WBGene00003509,WBGene00003509,History: N.A.
WBGene00003510,,,,WBGene00003510,WBGene00003510,History: N.A.
WBGene00003581,,,,WBGene00003581,WBGene00003581,History: N.A.
WBGene00003586,,,,WBGene00003586,WBGene00003586,History: N.A.
WBGene00003588,,,,WBGene00003588,WBGene00003588,History: N.A.
WBGene00003612,,,,WBGene00003612,WBGene00003612,History: N.A.
WBGene00003622,,,,WBGene00003622,WBGene00003622,History: Renamed on 2015-03-05
WBGene00003656,,,,WBGene00003656,WBGene00003656,History: N.A.
WBGene00003676,,,,WBGene00003676,WBGene00003676,History: N.A.
WBGene00003783,,,,WBGene00003783,WBGene00003783,History: N.A.
WBGene00003784,,,,WBGene00003784,WBGene00003784,History: N.A.
WBGene00003795,,,,WBGene00003795,WBGene00003795,History: N.A.
WBGene00003798,,,,WBGene00003798,WBGene00003798,History: N.A.
WBGene00003815,,,,WBGene00003815,WBGene00003815,History: Renamed on 2010-01-29; Renamed on 2015-03-05
WBGene00003829,,,,WBGene00003829,WBGene00003829,History: N.A.
WBGene00003835,,,,WBGene00003835,WBGene00003835,History: N.A.
WBGene00003865,,,,WBGene00003865,WBGene00003865,History: N.A.
WBGene00003868,,,,WBGene00003868,WBGene00003868,History: N.A.
WBGene00003918,,,,WBGene00003918,WBGene00003918,History: N.A.
WBGene00003920,,,,WBGene00003920,WBGene00003920,History: N.A.
WBGene00003922,,,,WBGene00003922,WBGene00003922,History: N.A.
WBGene00003924,,,,WBGene00003924,WBGene00003924,History: N.A.
WBGene00003925,,,,WBGene00003925,WBGene00003925,History: N.A.
WBGene00003927,,,,WBGene00003927,WBGene00003927,History: N.A.
WBGene00003928,,,,WBGene00003928,WBGene00003928,History: N.A.
WBGene00003960,,,,WBGene00003960,WBGene00003960,History: N.A.
WBGene00003989,,,,WBGene00003989,WBGene00003989,History: N.A.
WBGene00003992,,,,WBGene00003992,WBGene00003992,History: N.A.
WBGene00003993,,,,WBGene00003993,WBGene00003993,History: N.A.
WBGene00003994,,,,WBGene00003994,WBGene00003994,History: Renamed on 2005-10-06
WBGene00004014,,,,WBGene00004014,WBGene00004014,History: N.A.
WBGene00004015,,,,WBGene00004015,WBGene00004015,History: N.A.
WBGene00004027,,,,WBGene00004027,WBGene00004027,History: N.A.
WBGene00004043,,,,WBGene00004043,WBGene00004043,History: N.A.
WBGene00004044,,,,WBGene00004044,WBGene00004044,History: N.A.
WBGene00004046,,,,WBGene00004046,WBGene00004046,History: N.A.
WBGene00004049,,,,WBGene00004049,WBGene00004049,History: Renamed on 2014-11-18
WBGene00004053,,,,WBGene00004053,WBGene00004053,History: Renamed on 2014-11-18
WBGene00004075,,,,WBGene00004075,WBGene00004075,History: N.A.
WBGene00004091,,,,WBGene00004091,WBGene00004091,History: N.A.
WBGene00004093,,,,WBGene00004093,WBGene00004093,History: Renamed on 2011-10-14
WBGene00004094,,,,WBGene00004094,WBGene00004094,History: Renamed on 2011-10-14
WBGene00004109,,,,WBGene00004109,WBGene00004109,History: N.A.
WBGene00004178,,,,WBGene00004178,WBGene00004178,History: N.A.
WBGene00004182,,,,WBGene00004182,WBGene00004182,History: N.A.
WBGene00004189,,,,WBGene00004189,WBGene00004189,History: Renamed on 2010-01-29
WBGene00004206,,,,WBGene00004206,WBGene00004206,History: Renamed on 2009-12-03
WBGene00004208,,,,WBGene00004208,WBGene00004208,History: N.A.
WBGene00004209,,,,WBGene00004209,WBGene00004209,History: N.A.
WBGene00004217,,,,WBGene00004217,WBGene00004217,History: Renamed on 2015-03-05
WBGene00004239,,,,WBGene00004239,WBGene00004239,History: N.A.
WBGene00004241,,,,WBGene00004241,WBGene00004241,History: N.A.
WBGene00004242,,,,WBGene00004242,WBGene00004242,History: N.A.
WBGene00004243,,,,WBGene00004243,WBGene00004243,History: N.A.
WBGene00004244,,,,WBGene00004244,WBGene00004244,History: Renamed on 2012-08-14
WBGene00004258,,,,WBGene00004258,WBGene00004258,History: N.A.
WBGene00004266,,,,WBGene00004266,WBGene00004266,History: N.A.
WBGene00004268,,,,WBGene00004268,WBGene00004268,History: N.A.
WBGene00004269,,,,WBGene00004269,WBGene00004269,History: N.A.
WBGene00004272,,,,WBGene00004272,WBGene00004272,History: N.A.
WBGene00004298,,,,WBGene00004298,WBGene00004298,History: Renamed on 2019-07-04
WBGene00004306,,,,WBGene00004306,WBGene00004306,History: N.A.
WBGene00004333,,,,WBGene00004333,WBGene00004333,History: N.A.
WBGene00004336,,,,WBGene00004336,WBGene00004336,History: N.A.
WBGene00004358,,,,WBGene00004358,WBGene00004358,History: N.A.
WBGene00004373,,,,WBGene00004373,WBGene00004373,History: N.A.
WBGene00004374,,,,WBGene00004374,WBGene00004374,History: N.A.
WBGene00004405,,,,WBGene00004405,WBGene00004405,History: N.A.
WBGene00004458,,,,WBGene00004458,WBGene00004458,History: N.A.
WBGene00004459,,,,WBGene00004459,WBGene00004459,History: N.A.
WBGene00004460,,,,WBGene00004460,WBGene00004460,History: N.A.
WBGene00004461,,,,WBGene00004461,WBGene00004461,History: N.A.
WBGene00004464,,,,WBGene00004464,WBGene00004464,History: N.A.
WBGene00004506,,,,WBGene00004506,WBGene00004506,History: N.A.
WBGene00004768,,,,WBGene00004768,WBGene00004768,History: Renamed on 2008-11-05
WBGene00004795,,,,WBGene00004795,WBGene00004795,History: Renamed on 2013-10-16
WBGene00004798,,,,WBGene00004798,WBGene00004798,History: N.A.
WBGene00004804,,,,WBGene00004804,WBGene00004804,History: Renamed on 2016-01-12; Renamed on 2017-05-16
WBGene00004809,,,,WBGene00004809,WBGene00004809,History: N.A.
WBGene00004883,,,,WBGene00004883,WBGene00004883,History: N.A.
WBGene00004918,,,,WBGene00004918,WBGene00004918,History: N.A.
WBGene00004931,,,,WBGene00004931,WBGene00004931,History: N.A.
WBGene00004954,,,,WBGene00004954,WBGene00004954,History: N.A.
WBGene00004959,,,,WBGene00004959,WBGene00004959,History: Renamed on 2012-04-24
WBGene00004981,,,,WBGene00004981,WBGene00004981,History: N.A.
WBGene00005019,,,,WBGene00005019,WBGene00005019,History: N.A.
WBGene00005020,,,,WBGene00005020,WBGene00005020,History: N.A.
WBGene00005021,,,,WBGene00005021,WBGene00005021,History: Renamed on 2019-09-11
WBGene00005022,,,,WBGene00005022,WBGene00005022,History: N.A.
WBGene00005024,,,,WBGene00005024,WBGene00005024,History: N.A.
WBGene00005025,,,,WBGene00005025,WBGene00005025,History: N.A.
WBGene00005026,,,,WBGene00005026,WBGene00005026,History: N.A.
WBGene00005058,,,,WBGene00005058,WBGene00005058,History: N.A.
WBGene00005153,,,,WBGene00005153,WBGene00005153,History: N.A.
WBGene00006311,,,,WBGene00006311,WBGene00006311,History: N.A.
WBGene00006376,,,,WBGene00006376,WBGene00006376,History: N.A.
WBGene00006377,,,,WBGene00006377,WBGene00006377,History: N.A.
WBGene00006391,,,,WBGene00006391,WBGene00006391,History: N.A.
WBGene00006395,,,,WBGene00006395,WBGene00006395,History: N.A.
WBGene00006402,,,,WBGene00006402,WBGene00006402,History: N.A.
WBGene00006443,,,,WBGene00006443,WBGene00006443,History: Renamed on 2005-09-08; Renamed on 2006-12-04
WBGene00006460,,,,WBGene00006460,WBGene00006460,History: Renamed on 2011-06-10; Renamed on 2018-05-24
WBGene00006466,,,,WBGene00006466,WBGene00006466,History: N.A.
WBGene00006490,,,,WBGene00006490,WBGene00006490,History: Renamed on 2012-12-21
WBGene00006492,,,,WBGene00006492,WBGene00006492,History: Renamed on 2015-03-03
WBGene00006499,,,,WBGene00006499,WBGene00006499,History: N.A.
WBGene00006503,,,,WBGene00006503,WBGene00006503,History: Renamed on 2007-07-20
WBGene00006510,,,,WBGene00006510,WBGene00006510,History: Renamed on 2011-04-20
WBGene00006518,,,,WBGene00006518,WBGene00006518,History: Renamed on 2016-11-29
WBGene00006555,,,,WBGene00006555,WBGene00006555,History: N.A.
WBGene00006562,,,,WBGene00006562,WBGene00006562,History: N.A.
WBGene00006572,,,,WBGene00006572,WBGene00006572,History: N.A.
WBGene00006574,,,,WBGene00006574,WBGene00006574,History: N.A.
WBGene00006604,,,,WBGene00006604,WBGene00006604,History: N.A.
WBGene00006607,,,,WBGene00006607,WBGene00006607,History: N.A.
WBGene00006608,,,,WBGene00006608,WBGene00006608,History: N.A.
WBGene00006617,,,,WBGene00006617,WBGene00006617,History: Renamed on 2010-01-29
WBGene00006619,,,,WBGene00006619,WBGene00006619,History: N.A.
WBGene00006699,,,,WBGene00006699,WBGene00006699,History: N.A.
WBGene00006707,,,,WBGene00006707,WBGene00006707,History: N.A.
WBGene00006740,,,,WBGene00006740,WBGene00006740,History: Renamed on 2014-03-28; Renamed on 2014-09-02
WBGene00006751,,,,WBGene00006751,WBGene00006751,History: Renamed on 2015-03-05
WBGene00006791,,,,WBGene00006791,WBGene00006791,History: N.A.
WBGene00006802,,,,WBGene00006802,WBGene00006802,History: N.A.
WBGene00006916,,,,WBGene00006916,WBGene00006916,History: N.A.
WBGene00006921,,,,WBGene00006921,WBGene00006921,History: N.A.
WBGene00006924,,,,WBGene00006924,WBGene00006924,History: N.A.
WBGene00006933,,,,WBGene00006933,WBGene00006933,History: N.A.
WBGene00006935,,,,WBGene00006935,WBGene00006935,History: Renamed on 2010-01-29
WBGene00006944,,,,WBGene00006944,WBGene00006944,History: N.A.
WBGene00006945,,,,WBGene00006945,WBGene00006945,History: Renamed on 2010-01-29
WBGene00006963,,,,WBGene00006963,WBGene00006963,History: Renamed on 2008-03-07
WBGene00006977,,,,WBGene00006977,WBGene00006977,History: N.A.
WBGene00006996,,,,WBGene00006996,WBGene00006996,History: N.A.
WBGene00007000,,,,WBGene00007000,WBGene00007000,History: N.A.
WBGene00007001,,,,WBGene00007001,WBGene00007001,History: N.A.
WBGene00007024,,,,WBGene00007024,WBGene00007024,History: N.A.
WBGene00007045,,,,WBGene00007045,WBGene00007045,History: Renamed on 2018-12-11
WBGene00007048,,,,WBGene00007048,WBGene00007048,History: Renamed on 2011-09-23
WBGene00007054,,,,WBGene00007054,WBGene00007054,History: Renamed on 2007-02-02
WBGene00007065,,,,WBGene00007065,WBGene00007065,History: N.A.
WBGene00007087,,,,WBGene00007087,WBGene00007087,History: N.A.
WBGene00007100,,,,WBGene00007100,WBGene00007100,History: N.A.
WBGene00007102,,,,WBGene00007102,WBGene00007102,History: N.A.
WBGene00007106,,,,WBGene00007106,WBGene00007106,History: N.A.
WBGene00007111,,,,WBGene00007111,WBGene00007111,History: N.A.
WBGene00007114,,,,WBGene00007114,WBGene00007114,History: N.A.
WBGene00007118,,,,WBGene00007118,WBGene00007118,History: Renamed on 2008-01-28
WBGene00007144,,,,WBGene00007144,WBGene00007144,History: N.A.
WBGene00007150,,,,WBGene00007150,WBGene00007150,History: N.A.
WBGene00007167,,,,WBGene00007167,WBGene00007167,History: Renamed on 2008-06-23
WBGene00007171,,,,WBGene00007171,WBGene00007171,History: N.A.
WBGene00007185,,,,WBGene00007185,WBGene00007185,History: N.A.
WBGene00007189,,,,WBGene00007189,WBGene00007189,History: N.A.
WBGene00007194,,,,WBGene00007194,WBGene00007194,History: N.A.
WBGene00007201,,,,WBGene00007201,WBGene00007201,History: N.A.
WBGene00007207,,,,WBGene00007207,WBGene00007207,"History: Split into rde-11(WBGene00023421). History of WBGene00007207: Split into ""WBGene00023421"" on 2004-07-07"
WBGene00007223,,,,WBGene00007223,WBGene00007223,History: N.A.
WBGene00007234,,,,WBGene00007234,WBGene00007234,History: N.A.
WBGene00007290,,,,WBGene00007290,WBGene00007290,History: N.A.
WBGene00007297,,,,WBGene00007297,WBGene00007297,History: N.A.
WBGene00007299,,,,WBGene00007299,WBGene00007299,History: N.A.
WBGene00007330,,,,WBGene00007330,WBGene00007330,History: N.A.
WBGene00007332,,,,WBGene00007332,WBGene00007332,History: N.A.
WBGene00007333,,,,WBGene00007333,WBGene00007333,History: N.A.
WBGene00007334,,,,WBGene00007334,WBGene00007334,History: N.A.
WBGene00007352,,,,WBGene00007352,WBGene00007352,History: Renamed on 2005-03-17
WBGene00007387,,,,WBGene00007387,WBGene00007387,History: N.A.
WBGene00007435,,,,WBGene00007435,WBGene00007435,History: N.A.
WBGene00007444,,,,WBGene00007444,WBGene00007444,History: N.A.
WBGene00007449,,,,WBGene00007449,WBGene00007449,History: N.A.
WBGene00007488,,,,WBGene00007488,WBGene00007488,History: N.A.
WBGene00007492,,,,WBGene00007492,WBGene00007492,History: N.A.
WBGene00007504,,,,WBGene00007504,WBGene00007504,History: N.A.
WBGene00007545,,,,WBGene00007545,WBGene00007545,History: N.A.
WBGene00007556,,,,WBGene00007556,WBGene00007556,History: N.A.
WBGene00007573,,,,WBGene00007573,WBGene00007573,History: N.A.
WBGene00007580,,,,WBGene00007580,WBGene00007580,History: N.A.
WBGene00007585,,,,WBGene00007585,WBGene00007585,History: N.A.
WBGene00007589,,,,WBGene00007589,WBGene00007589,History: N.A.
WBGene00007614,,,,WBGene00007614,WBGene00007614,History: N.A.
WBGene00007615,,,,WBGene00007615,WBGene00007615,History: Renamed on 2007-05-03
WBGene00007616,,,,WBGene00007616,WBGene00007616,History: N.A.
WBGene00007622,,,,WBGene00007622,WBGene00007622,History: N.A.
WBGene00007624,,,,WBGene00007624,WBGene00007624,History: Renamed on 2012-08-29
WBGene00007630,,,,WBGene00007630,WBGene00007630,History: N.A.
WBGene00007637,,,,WBGene00007637,WBGene00007637,History: N.A.
WBGene00007643,,,,WBGene00007643,WBGene00007643,History: N.A.
WBGene00007644,,,,WBGene00007644,WBGene00007644,History: N.A.
WBGene00007646,,,,WBGene00007646,WBGene00007646,History: N.A.
WBGene00007681,,,,WBGene00007681,WBGene00007681,History: N.A.
WBGene00007686,,,,WBGene00007686,WBGene00007686,History: N.A.
WBGene00007697,,,,WBGene00007697,WBGene00007697,History: N.A.
WBGene00007698,,,,WBGene00007698,WBGene00007698,History: N.A.
WBGene00007712,,,,WBGene00007712,WBGene00007712,History: N.A.
WBGene00007720,,,,WBGene00007720,WBGene00007720,History: N.A.
WBGene00007732,,,,WBGene00007732,WBGene00007732,History: Renamed on 2011-09-22; Renamed on 2013-04-16
WBGene00007766,,,,WBGene00007766,WBGene00007766,History: N.A.
WBGene00007773,,,,WBGene00007773,WBGene00007773,History: N.A.
WBGene00007780,,,,WBGene00007780,WBGene00007780,History: N.A.
WBGene00007788,,,,WBGene00007788,WBGene00007788,History: N.A.
WBGene00007797,,,,WBGene00007797,WBGene00007797,History: N.A.
WBGene00007825,,,,WBGene00007825,WBGene00007825,History: N.A.
WBGene00007826,,,,WBGene00007826,WBGene00007826,History: N.A.
WBGene00007859,,,,WBGene00007859,WBGene00007859,History: N.A.
WBGene00007907,,,,WBGene00007907,WBGene00007907,History: N.A.
WBGene00007909,,,,WBGene00007909,WBGene00007909,"History: Split into lurp-4(WBGene00077698). History of WBGene00007909: Split into ""WBGene00077698"" on 2008-04-03"
WBGene00007965,,,,WBGene00007965,WBGene00007965,History: N.A.
WBGene00007966,,,,WBGene00007966,WBGene00007966,History: N.A.
WBGene00007969,,,,WBGene00007969,WBGene00007969,History: N.A.
WBGene00007978,,,,WBGene00007978,WBGene00007978,History: N.A.
WBGene00007985,,,,WBGene00007985,WBGene00007985,History: N.A.
WBGene00007991,,,,WBGene00007991,WBGene00007991,History: N.A.
WBGene00008005,,,,WBGene00008005,WBGene00008005,History: Renamed on 2021-12-09
WBGene00008041,,,,WBGene00008041,WBGene00008041,History: N.A.
WBGene00008052,,,,WBGene00008052,WBGene00008052,History: Renamed on 2017-02-17
WBGene00008053,,,,WBGene00008053,WBGene00008053,History: N.A.
WBGene00008061,,,,WBGene00008061,WBGene00008061,"History: Split into tspo-1(WBGene00077771). History of WBGene00008061: Split into ""WBGene00077771"" on 2008-06-10"
WBGene00008118,,,,WBGene00008118,WBGene00008118,History: N.A.
WBGene00008122,,,,WBGene00008122,WBGene00008122,History: N.A.
WBGene00008134,,,,WBGene00008134,WBGene00008134,History: N.A.
WBGene00008136,,,,WBGene00008136,WBGene00008136,History: N.A.
WBGene00008140,,,,WBGene00008140,WBGene00008140,History: Renamed on 2013-10-11; Renamed on 2015-07-01
WBGene00008147,,,,WBGene00008147,WBGene00008147,History: N.A.
WBGene00008148,,,,WBGene00008148,WBGene00008148,History: N.A.
WBGene00008164,,,,WBGene00008164,WBGene00008164,History: N.A.
WBGene00008165,,,,WBGene00008165,WBGene00008165,History: N.A.
WBGene00008169,,,,WBGene00008169,WBGene00008169,History: N.A.
WBGene00008171,,,,WBGene00008171,WBGene00008171,History: N.A.
WBGene00008174,,,,WBGene00008174,WBGene00008174,History: N.A.
WBGene00008210,,,,WBGene00008210,WBGene00008210,History: N.A.
WBGene00008232,,,,WBGene00008232,WBGene00008232,History: N.A.
WBGene00008238,,,,WBGene00008238,WBGene00008238,History: N.A.
WBGene00008274,,,,WBGene00008274,WBGene00008274,History: Renamed on 2020-01-28
WBGene00008275,,,,WBGene00008275,WBGene00008275,History: Renamed on 2019-09-11
WBGene00008281,,,,WBGene00008281,WBGene00008281,History: N.A.
WBGene00008317,,,,WBGene00008317,WBGene00008317,History: N.A.
WBGene00008364,,,,WBGene00008364,WBGene00008364,History: N.A.
WBGene00008385,,,,WBGene00008385,WBGene00008385,History: N.A.
WBGene00008387,,,,WBGene00008387,WBGene00008387,History: N.A.
WBGene00008408,,,,WBGene00008408,WBGene00008408,History: N.A.
WBGene00008409,,,,WBGene00008409,WBGene00008409,History: N.A.
WBGene00008410,,,,WBGene00008410,WBGene00008410,History: N.A.
WBGene00008412,,,,WBGene00008412,WBGene00008412,History: N.A.
WBGene00008413,,,,WBGene00008413,WBGene00008413,History: N.A.
WBGene00008415,,,,WBGene00008415,WBGene00008415,History: N.A.
WBGene00008417,,,,WBGene00008417,WBGene00008417,History: N.A.
WBGene00008431,,,,WBGene00008431,WBGene00008431,History: N.A.
WBGene00008456,,,,WBGene00008456,WBGene00008456,History: N.A.
WBGene00008457,,,,WBGene00008457,WBGene00008457,History: N.A.
WBGene00008459,,,,WBGene00008459,WBGene00008459,History: N.A.
WBGene00008503,,,,WBGene00008503,WBGene00008503,History: N.A.
WBGene00008506,,,,WBGene00008506,WBGene00008506,History: N.A.
WBGene00008526,,,,WBGene00008526,WBGene00008526,History: N.A.
WBGene00008531,,,,WBGene00008531,WBGene00008531,History: N.A.
WBGene00008546,,,,WBGene00008546,WBGene00008546,History: N.A.
WBGene00008561,,,,WBGene00008561,WBGene00008561,History: N.A.
WBGene00008580,,,,WBGene00008580,WBGene00008580,History: N.A.
WBGene00008642,,,,WBGene00008642,WBGene00008642,History: N.A.
WBGene00008648,,,,WBGene00008648,WBGene00008648,History: N.A.
WBGene00008670,,,,WBGene00008670,WBGene00008670,History: N.A.
WBGene00008686,,,,WBGene00008686,WBGene00008686,History: N.A.
WBGene00008740,,,,WBGene00008740,WBGene00008740,History: N.A.
WBGene00008775,,,,WBGene00008775,WBGene00008775,History: N.A.
WBGene00008780,,,,WBGene00008780,WBGene00008780,History: N.A.
WBGene00008789,,,,WBGene00008789,WBGene00008789,History: N.A.
WBGene00008860,,,,WBGene00008860,WBGene00008860,History: Renamed on 2017-02-02
WBGene00008877,,,,WBGene00008877,WBGene00008877,History: N.A.
WBGene00008918,,,,WBGene00008918,WBGene00008918,History: N.A.
WBGene00008968,,,,WBGene00008968,WBGene00008968,History: N.A.
WBGene00008976,,,,WBGene00008976,WBGene00008976,History: N.A.
WBGene00008991,,,,WBGene00008991,WBGene00008991,History: N.A.
WBGene00009006,,,,WBGene00009006,WBGene00009006,History: N.A.
WBGene00009013,,,,WBGene00009013,WBGene00009013,History: N.A.
WBGene00009035,,,,WBGene00009035,WBGene00009035,History: N.A.
WBGene00009064,,,,WBGene00009064,WBGene00009064,History: N.A.
WBGene00009086,,,,WBGene00009086,WBGene00009086,"History: Split into fbxa-179(WBGene00045292), F23D12.10(WBGene00045291). History of WBGene00009086: Split into ""WBGene00045291"" on 2007-02-26; Split into ""WBGene00045292"" on 2007-02-26"
WBGene00009092,,,,WBGene00009092,WBGene00009092,History: N.A.
WBGene00009098,,,,WBGene00009098,WBGene00009098,History: N.A.
WBGene00009113,,,,WBGene00009113,WBGene00009113,History: N.A.
WBGene00009119,,,,WBGene00009119,WBGene00009119,History: N.A.
WBGene00009124,,,,WBGene00009124,WBGene00009124,History: Renamed on 2008-08-08
WBGene00009126,,,,WBGene00009126,WBGene00009126,History: N.A.
WBGene00009128,,,,WBGene00009128,WBGene00009128,History: N.A.
WBGene00009131,,,,WBGene00009131,WBGene00009131,History: N.A.
WBGene00009164,,,,WBGene00009164,WBGene00009164,History: N.A.
WBGene00009173,,,,WBGene00009173,WBGene00009173,History: N.A.
WBGene00009176,,,,WBGene00009176,WBGene00009176,History: N.A.
WBGene00009186,,,,WBGene00009186,WBGene00009186,History: N.A.
WBGene00009246,,,,WBGene00009246,WBGene00009246,History: N.A.
WBGene00009264,,,,WBGene00009264,WBGene00009264,History: N.A.
WBGene00009270,,,,WBGene00009270,WBGene00009270,History: N.A.
WBGene00009272,,,,WBGene00009272,WBGene00009272,History: N.A.
WBGene00009276,,,,WBGene00009276,WBGene00009276,History: N.A.
WBGene00009286,,,,WBGene00009286,WBGene00009286,History: N.A.
WBGene00009300,,,,WBGene00009300,WBGene00009300,History: N.A.
WBGene00009301,,,,WBGene00009301,WBGene00009301,History: N.A.
WBGene00009302,,,,WBGene00009302,WBGene00009302,History: N.A.
WBGene00009305,,,,WBGene00009305,WBGene00009305,History: N.A.
WBGene00009319,,,,WBGene00009319,WBGene00009319,History: N.A.
WBGene00009322,,,,WBGene00009322,WBGene00009322,History: N.A.
WBGene00009330,,,,WBGene00009330,WBGene00009330,History: N.A.
WBGene00009366,,,,WBGene00009366,WBGene00009366,History: N.A.
WBGene00009404,,,,WBGene00009404,WBGene00009404,History: N.A.
WBGene00009435,,,,WBGene00009435,WBGene00009435,History: N.A.
WBGene00009436,,,,WBGene00009436,WBGene00009436,History: N.A.
WBGene00009439,,,,WBGene00009439,WBGene00009439,History: N.A.
WBGene00009442,,,,WBGene00009442,WBGene00009442,History: N.A.
WBGene00009445,,,,WBGene00009445,WBGene00009445,History: N.A.
WBGene00009551,,,,WBGene00009551,WBGene00009551,History: N.A.
WBGene00009556,,,,WBGene00009556,WBGene00009556,History: N.A.
WBGene00009559,,,,WBGene00009559,WBGene00009559,History: N.A.
WBGene00009561,,,,WBGene00009561,WBGene00009561,History: N.A.
WBGene00009584,,,,WBGene00009584,WBGene00009584,History: N.A.
WBGene00009594,,,,WBGene00009594,WBGene00009594,History: N.A.
WBGene00009606,,,,WBGene00009606,WBGene00009606,History: N.A.
WBGene00009627,,,,WBGene00009627,WBGene00009627,History: N.A.
WBGene00009650,,,,WBGene00009650,WBGene00009650,History: N.A.
WBGene00009701,,,,WBGene00009701,WBGene00009701,History: N.A.
WBGene00009713,,,,WBGene00009713,WBGene00009713,History: N.A.
WBGene00009734,,,,WBGene00009734,WBGene00009734,History: N.A.
WBGene00009776,,,,WBGene00009776,WBGene00009776,History: N.A.
WBGene00009784,,,,WBGene00009784,WBGene00009784,History: N.A.
WBGene00009878,,,,WBGene00009878,WBGene00009878,History: N.A.
WBGene00009925,,,,WBGene00009925,WBGene00009925,History: N.A.
WBGene00009937,,,,WBGene00009937,WBGene00009937,History: N.A.
WBGene00009940,,,,WBGene00009940,WBGene00009940,History: N.A.
WBGene00009946,,,,WBGene00009946,WBGene00009946,History: N.A.
WBGene00010036,,,,WBGene00010036,WBGene00010036,History: N.A.
WBGene00010042,,,,WBGene00010042,WBGene00010042,History: N.A.
WBGene00010048,,,,WBGene00010048,WBGene00010048,History: N.A.
WBGene00010053,,,,WBGene00010053,WBGene00010053,History: N.A.
WBGene00010061,,,,WBGene00010061,WBGene00010061,History: N.A.
WBGene00010080,,,,WBGene00010080,WBGene00010080,History: N.A.
WBGene00010081,,,,WBGene00010081,WBGene00010081,History: N.A.
WBGene00010094,,,,WBGene00010094,WBGene00010094,History: N.A.
WBGene00010113,,,,WBGene00010113,WBGene00010113,History: N.A.
WBGene00010130,,,,WBGene00010130,WBGene00010130,History: N.A.
WBGene00010131,,,,WBGene00010131,WBGene00010131,History: N.A.
WBGene00010185,,,,WBGene00010185,WBGene00010185,History: N.A.
WBGene00010193,,,,WBGene00010193,WBGene00010193,History: N.A.
WBGene00010194,,,,WBGene00010194,WBGene00010194,History: N.A.
WBGene00010227,,,,WBGene00010227,WBGene00010227,History: N.A.
WBGene00010248,,,,WBGene00010248,WBGene00010248,History: N.A.
WBGene00010259,,,,WBGene00010259,WBGene00010259,History: N.A.
WBGene00010263,,,,WBGene00010263,WBGene00010263,History: N.A.
WBGene00010264,,,,WBGene00010264,WBGene00010264,History: N.A.
WBGene00010283,,,,WBGene00010283,WBGene00010283,History: N.A.
WBGene00010303,,,,WBGene00010303,WBGene00010303,History: N.A.
WBGene00010307,,,,WBGene00010307,WBGene00010307,History: N.A.
WBGene00010325,,,,WBGene00010325,WBGene00010325,History: N.A.
WBGene00010332,,,,WBGene00010332,WBGene00010332,History: N.A.
WBGene00010339,,,,WBGene00010339,WBGene00010339,History: N.A.
WBGene00010351,,,,WBGene00010351,WBGene00010351,History: N.A.
WBGene00010353,,,,WBGene00010353,WBGene00010353,History: N.A.
WBGene00010354,,,,WBGene00010354,WBGene00010354,History: N.A.
WBGene00010363,,,,WBGene00010363,WBGene00010363,"History: Split into H04D03.6(WBGene00194861). History of WBGene00010363: Split into ""WBGene00194861"" on 2009-11-16"
WBGene00010367,,,,WBGene00010367,WBGene00010367,"History: Split into H05L14.3(WBGene00271605). History of WBGene00010367: Split into ""WBGene00271605"" on 2017-03-02"
WBGene00010408,,,,WBGene00010408,WBGene00010408,History: N.A.
WBGene00010416,,,,WBGene00010416,WBGene00010416,History: N.A.
WBGene00010419,,,,WBGene00010419,WBGene00010419,History: Renamed on 2005-03-17
WBGene00010425,,,,WBGene00010425,WBGene00010425,History: N.A.
WBGene00010437,,,,WBGene00010437,WBGene00010437,History: N.A.
WBGene00010458,,,,WBGene00010458,WBGene00010458,History: N.A.
WBGene00010459,,,,WBGene00010459,WBGene00010459,History: N.A.
WBGene00010465,,,,WBGene00010465,WBGene00010465,"History: Split into ""WBGene00303067"" on 2018-03-02"
WBGene00010470,,,,WBGene00010470,WBGene00010470,History: N.A.
WBGene00010471,,,,WBGene00010471,WBGene00010471,History: N.A.
WBGene00010483,,,,WBGene00010483,WBGene00010483,History: N.A.
WBGene00010492,,,,WBGene00010492,WBGene00010492,History: N.A.
WBGene00010493,,,,WBGene00010493,WBGene00010493,History: N.A.
WBGene00010502,,,,WBGene00010502,WBGene00010502,History: N.A.
WBGene00010546,,,,WBGene00010546,WBGene00010546,History: N.A.
WBGene00010551,,,,WBGene00010551,WBGene00010551,History: N.A.
WBGene00010565,,,,WBGene00010565,WBGene00010565,History: N.A.
WBGene00010579,,,,WBGene00010579,WBGene00010579,History: N.A.
WBGene00010608,,,,WBGene00010608,WBGene00010608,"History: Split into K07A1.17(WBGene00044987). History of WBGene00010608: Split into ""WBGene00044987"" on 2006-09-04"
WBGene00010621,,,,WBGene00010621,WBGene00010621,History: N.A.
WBGene00010645,,,,WBGene00010645,WBGene00010645,History: N.A.
WBGene00010664,,,,WBGene00010664,WBGene00010664,History: N.A.
WBGene00010665,,,,WBGene00010665,WBGene00010665,History: N.A.
WBGene00010667,,,,WBGene00010667,WBGene00010667,History: N.A.
WBGene00010677,,,,WBGene00010677,WBGene00010677,History: N.A.
WBGene00010678,,,,WBGene00010678,WBGene00010678,History: N.A.
WBGene00010690,,,,WBGene00010690,WBGene00010690,History: N.A.
WBGene00010721,,,,WBGene00010721,WBGene00010721,History: N.A.
WBGene00010770,,,,WBGene00010770,WBGene00010770,History: N.A.
WBGene00010771,,,,WBGene00010771,WBGene00010771,History: N.A.
WBGene00010781,,,,WBGene00010781,WBGene00010781,"History: Split into K11H3.8(WBGene00185002). History of WBGene00010781: Split into ""WBGene00185002"" on 2009-02-11"
WBGene00010783,,,,WBGene00010783,WBGene00010783,History: N.A.
WBGene00010787,,,,WBGene00010787,WBGene00010787,History: N.A.
WBGene00010794,,,,WBGene00010794,WBGene00010794,History: N.A.
WBGene00010810,,,,WBGene00010810,WBGene00010810,History: N.A.
WBGene00010812,,,,WBGene00010812,WBGene00010812,History: N.A.
WBGene00010815,,,,WBGene00010815,WBGene00010815,History: N.A.
WBGene00010839,,,,WBGene00010839,WBGene00010839,History: N.A.
WBGene00010905,,,,WBGene00010905,WBGene00010905,History: N.A.
WBGene00010908,,,,WBGene00010908,WBGene00010908,History: Renamed on 2018-03-19
WBGene00010909,,,,WBGene00010909,WBGene00010909,History: N.A.
WBGene00010922,,,,WBGene00010922,WBGene00010922,"History: Split into M142.8(WBGene00043057). History of WBGene00010922: Split into ""WBGene00043057"" on 2004-09-14"
WBGene00010941,,,,WBGene00010941,WBGene00010941,History: N.A.
WBGene00010972,,,,WBGene00010972,WBGene00010972,History: N.A.
WBGene00010988,,,,WBGene00010988,WBGene00010988,History: N.A.
WBGene00011011,,,,WBGene00011011,WBGene00011011,History: N.A.
WBGene00011017,,,,WBGene00011017,WBGene00011017,History: N.A.
WBGene00011052,,,,WBGene00011052,WBGene00011052,History: N.A.
WBGene00011054,,,,WBGene00011054,WBGene00011054,History: N.A.
WBGene00011058,,,,WBGene00011058,WBGene00011058,History: N.A.
WBGene00011061,,,,WBGene00011061,WBGene00011061,History: N.A.
WBGene00011062,,,,WBGene00011062,WBGene00011062,History: N.A.
WBGene00011063,,,,WBGene00011063,WBGene00011063,History: N.A.
WBGene00011066,,,,WBGene00011066,WBGene00011066,History: N.A.
WBGene00011087,,,,WBGene00011087,WBGene00011087,History: N.A.
WBGene00011110,,,,WBGene00011110,WBGene00011110,History: N.A.
WBGene00011119,,,,WBGene00011119,WBGene00011119,History: N.A.
WBGene00011143,,,,WBGene00011143,WBGene00011143,History: N.A.
WBGene00011152,,,,WBGene00011152,WBGene00011152,History: N.A.
WBGene00011193,,,,WBGene00011193,WBGene00011193,History: Renamed on 2015-04-29
WBGene00011195,,,,WBGene00011195,WBGene00011195,History: N.A.
WBGene00011201,,,,WBGene00011201,WBGene00011201,History: Renamed on 2006-07-28
WBGene00011225,,,,WBGene00011225,WBGene00011225,History: N.A.
WBGene00011236,,,,WBGene00011236,WBGene00011236,History: N.A.
WBGene00011272,,,,WBGene00011272,WBGene00011272,History: N.A.
WBGene00011276,,,,WBGene00011276,WBGene00011276,History: N.A.
WBGene00011299,,,,WBGene00011299,WBGene00011299,History: N.A.
WBGene00011306,,,,WBGene00011306,WBGene00011306,History: N.A.
WBGene00011320,,,,WBGene00011320,WBGene00011320,History: N.A.
WBGene00011324,,,,WBGene00011324,WBGene00011324,History: Renamed on 2019-05-20
WBGene00011342,,,,WBGene00011342,WBGene00011342,History: N.A.
WBGene00011350,,,,WBGene00011350,WBGene00011350,History: N.A.
WBGene00011352,,,,WBGene00011352,WBGene00011352,History: N.A.
WBGene00011376,,,,WBGene00011376,WBGene00011376,History: N.A.
WBGene00011409,,,,WBGene00011409,WBGene00011409,History: N.A.
WBGene00011410,,,,WBGene00011410,WBGene00011410,History: N.A.
WBGene00011412,,,,WBGene00011412,WBGene00011412,History: N.A.
WBGene00011431,,,,WBGene00011431,WBGene00011431,History: N.A.
WBGene00011435,,,,WBGene00011435,WBGene00011435,History: N.A.
WBGene00011440,,,,WBGene00011440,WBGene00011440,History: N.A.
WBGene00011488,,,,WBGene00011488,WBGene00011488,History: N.A.
WBGene00011499,,,,WBGene00011499,WBGene00011499,History: N.A.
WBGene00011501,,,,WBGene00011501,WBGene00011501,History: N.A.
WBGene00011505,,,,WBGene00011505,WBGene00011505,History: N.A.
WBGene00011507,,,,WBGene00011507,WBGene00011507,History: N.A.
WBGene00011511,,,,WBGene00011511,WBGene00011511,History: N.A.
WBGene00011513,,,,WBGene00011513,WBGene00011513,History: N.A.
WBGene00011526,,,,WBGene00011526,WBGene00011526,History: N.A.
WBGene00011529,,,,WBGene00011529,WBGene00011529,History: N.A.
WBGene00011543,,,,WBGene00011543,WBGene00011543,History: N.A.
WBGene00011559,,,,WBGene00011559,WBGene00011559,History: Renamed on 2014-11-12
WBGene00011575,,,,WBGene00011575,WBGene00011575,History: N.A.
WBGene00011597,,,,WBGene00011597,WBGene00011597,History: N.A.
WBGene00011600,,,,WBGene00011600,WBGene00011600,History: N.A.
WBGene00011601,,,,WBGene00011601,WBGene00011601,History: N.A.
WBGene00011625,,,,WBGene00011625,WBGene00011625,History: N.A.
WBGene00011629,,,,WBGene00011629,WBGene00011629,History: N.A.
WBGene00011641,,,,WBGene00011641,WBGene00011641,History: N.A.
WBGene00011645,,,,WBGene00011645,WBGene00011645,History: N.A.
WBGene00011688,,,,WBGene00011688,WBGene00011688,History: N.A.
WBGene00011691,,,,WBGene00011691,WBGene00011691,History: N.A.
WBGene00011735,,,,WBGene00011735,WBGene00011735,History: N.A.
WBGene00011740,,,,WBGene00011740,WBGene00011740,History: N.A.
WBGene00011741,,,,WBGene00011741,WBGene00011741,History: N.A.
WBGene00011746,,,,WBGene00011746,WBGene00011746,History: N.A.
WBGene00011759,,,,WBGene00011759,WBGene00011759,History: N.A.
WBGene00011812,,,,WBGene00011812,WBGene00011812,History: N.A.
WBGene00011813,,,,WBGene00011813,WBGene00011813,History: N.A.
WBGene00011834,,,,WBGene00011834,WBGene00011834,History: N.A.
WBGene00011857,,,,WBGene00011857,WBGene00011857,"History: Split into T20D3.14(WBGene00303026). History of WBGene00011857: Split into ""WBGene00303026"" on 2018-03-06"
WBGene00011858,,,,WBGene00011858,WBGene00011858,History: N.A.
WBGene00011884,,,,WBGene00011884,WBGene00011884,History: N.A.
WBGene00011885,,,,WBGene00011885,WBGene00011885,History: N.A.
WBGene00011886,,,,WBGene00011886,WBGene00011886,History: N.A.
WBGene00011898,,,,WBGene00011898,WBGene00011898,History: N.A.
WBGene00011914,,,,WBGene00011914,WBGene00011914,History: N.A.
WBGene00011945,,,,WBGene00011945,WBGene00011945,History: N.A.
WBGene00011959,,,,WBGene00011959,WBGene00011959,History: N.A.
WBGene00011986,,,,WBGene00011986,WBGene00011986,History: N.A.
WBGene00011993,,,,WBGene00011993,WBGene00011993,History: N.A.
WBGene00012002,,,,WBGene00012002,WBGene00012002,History: N.A.
WBGene00012020,,,,WBGene00012020,WBGene00012020,History: N.A.
WBGene00012031,,,,WBGene00012031,WBGene00012031,History: N.A.
WBGene00012074,,,,WBGene00012074,WBGene00012074,History: N.A.
WBGene00012095,,,,WBGene00012095,WBGene00012095,History: N.A.
WBGene00012104,,,,WBGene00012104,WBGene00012104,History: N.A.
WBGene00012110,,,,WBGene00012110,WBGene00012110,History: N.A.
WBGene00012112,,,,WBGene00012112,WBGene00012112,History: N.A.
WBGene00012182,,,,WBGene00012182,WBGene00012182,History: N.A.
WBGene00012203,,,,WBGene00012203,WBGene00012203,History: N.A.
WBGene00012208,,,,WBGene00012208,WBGene00012208,History: N.A.
WBGene00012210,,,,WBGene00012210,WBGene00012210,History: N.A.
WBGene00012221,,,,WBGene00012221,WBGene00012221,History: N.A.
WBGene00012276,,,,WBGene00012276,WBGene00012276,History: N.A.
WBGene00012301,,,,WBGene00012301,WBGene00012301,History: N.A.
WBGene00012341,,,,WBGene00012341,WBGene00012341,History: N.A.
WBGene00012344,,,,WBGene00012344,WBGene00012344,History: Renamed on 2012-12-21
WBGene00012353,,,,WBGene00012353,WBGene00012353,History: N.A.
WBGene00012360,,,,WBGene00012360,WBGene00012360,History: N.A.
WBGene00012361,,,,WBGene00012361,WBGene00012361,History: N.A.
WBGene00012434,,,,WBGene00012434,WBGene00012434,History: N.A.
WBGene00012460,,,,WBGene00012460,WBGene00012460,History: N.A.
WBGene00012466,,,,WBGene00012466,WBGene00012466,History: N.A.
WBGene00012481,,,,WBGene00012481,WBGene00012481,History: N.A.
WBGene00012483,,,,WBGene00012483,WBGene00012483,History: N.A.
WBGene00012484,,,,WBGene00012484,WBGene00012484,History: Renamed on 2005-12-05
WBGene00012514,,,,WBGene00012514,WBGene00012514,History: N.A.
WBGene00012524,,,,WBGene00012524,WBGene00012524,History: N.A.
WBGene00012543,,,,WBGene00012543,WBGene00012543,History: N.A.
WBGene00012556,,,,WBGene00012556,WBGene00012556,History: N.A.
WBGene00012606,,,,WBGene00012606,WBGene00012606,History: N.A.
WBGene00012614,,,,WBGene00012614,WBGene00012614,History: N.A.
WBGene00012640,,,,WBGene00012640,WBGene00012640,History: N.A.
WBGene00012650,,,,WBGene00012650,WBGene00012650,History: N.A.
WBGene00012652,,,,WBGene00012652,WBGene00012652,History: N.A.
WBGene00012657,,,,WBGene00012657,WBGene00012657,History: N.A.
WBGene00012658,,,,WBGene00012658,WBGene00012658,History: N.A.
WBGene00012659,,,,WBGene00012659,WBGene00012659,History: N.A.
WBGene00012672,,,,WBGene00012672,WBGene00012672,History: N.A.
WBGene00012675,,,,WBGene00012675,WBGene00012675,History: N.A.
WBGene00012678,,,,WBGene00012678,WBGene00012678,History: N.A.
WBGene00012713,,,,WBGene00012713,WBGene00012713,History: N.A.
WBGene00012715,,,,WBGene00012715,WBGene00012715,History: N.A.
WBGene00012716,,,,WBGene00012716,WBGene00012716,History: N.A.
WBGene00012758,,,,WBGene00012758,WBGene00012758,History: N.A.
WBGene00012789,,,,WBGene00012789,WBGene00012789,History: N.A.
WBGene00012790,,,,WBGene00012790,WBGene00012790,History: N.A.
WBGene00012795,,,,WBGene00012795,WBGene00012795,History: N.A.
WBGene00012806,,,,WBGene00012806,WBGene00012806,"History: Split into ""WBGene00045284"" on 2007-02-20"
WBGene00012830,,,,WBGene00012830,WBGene00012830,History: N.A.
WBGene00012835,,,,WBGene00012835,WBGene00012835,History: N.A.
WBGene00012864,,,,WBGene00012864,WBGene00012864,History: N.A.
WBGene00012879,,,,WBGene00012879,WBGene00012879,History: N.A.
WBGene00012885,,,,WBGene00012885,WBGene00012885,History: N.A.
WBGene00012897,,,,WBGene00012897,WBGene00012897,History: N.A.
WBGene00012920,,,,WBGene00012920,WBGene00012920,History: N.A.
WBGene00012934,,,,WBGene00012934,WBGene00012934,History: Renamed on 2005-09-28
WBGene00012973,,,,WBGene00012973,WBGene00012973,History: N.A.
WBGene00012981,,,,WBGene00012981,WBGene00012981,History: N.A.
WBGene00012983,,,,WBGene00012983,WBGene00012983,History: N.A.
WBGene00012984,,,,WBGene00012984,WBGene00012984,History: N.A.
WBGene00012987,,,,WBGene00012987,WBGene00012987,History: N.A.
WBGene00012992,,,,WBGene00012992,WBGene00012992,History: N.A.
WBGene00012997,,,,WBGene00012997,WBGene00012997,History: N.A.
WBGene00013017,,,,WBGene00013017,WBGene00013017,History: N.A.
WBGene00013025,,,,WBGene00013025,WBGene00013025,History: Renamed on 2005-03-17
WBGene00013041,,,,WBGene00013041,WBGene00013041,History: N.A.
WBGene00013122,,,,WBGene00013122,WBGene00013122,History: N.A.
WBGene00013137,,,,WBGene00013137,WBGene00013137,History: N.A.
WBGene00013178,,,,WBGene00013178,WBGene00013178,History: N.A.
WBGene00013193,,,,WBGene00013193,WBGene00013193,History: N.A.
WBGene00013196,,,,WBGene00013196,WBGene00013196,History: N.A.
WBGene00013208,,,,WBGene00013208,WBGene00013208,History: N.A.
WBGene00013210,,,,WBGene00013210,WBGene00013210,History: N.A.
WBGene00013214,,,,WBGene00013214,WBGene00013214,History: N.A.
WBGene00013237,,,,WBGene00013237,WBGene00013237,History: N.A.
WBGene00013238,,,,WBGene00013238,WBGene00013238,History: N.A.
WBGene00013246,,,,WBGene00013246,WBGene00013246,History: N.A.
WBGene00013248,,,,WBGene00013248,WBGene00013248,History: N.A.
WBGene00013259,,,,WBGene00013259,WBGene00013259,History: N.A.
WBGene00013270,,,,WBGene00013270,WBGene00013270,History: N.A.
WBGene00013324,,,,WBGene00013324,WBGene00013324,History: N.A.
WBGene00013325,,,,WBGene00013325,WBGene00013325,History: N.A.
WBGene00013339,,,,WBGene00013339,WBGene00013339,History: N.A.
WBGene00013340,,,,WBGene00013340,WBGene00013340,History: N.A.
WBGene00013353,,,,WBGene00013353,WBGene00013353,History: N.A.
WBGene00013358,,,,WBGene00013358,WBGene00013358,History: N.A.
WBGene00013359,,,,WBGene00013359,WBGene00013359,History: N.A.
WBGene00013361,,,,WBGene00013361,WBGene00013361,History: Renamed on 2010-01-29
WBGene00013380,,,,WBGene00013380,WBGene00013380,History: N.A.
WBGene00013381,,,,WBGene00013381,WBGene00013381,History: N.A.
WBGene00013406,,,,WBGene00013406,WBGene00013406,History: N.A.
WBGene00013419,,,,WBGene00013419,WBGene00013419,History: N.A.
WBGene00013431,,,,WBGene00013431,WBGene00013431,History: N.A.
WBGene00013435,,,,WBGene00013435,WBGene00013435,History: N.A.
WBGene00013442,,,,WBGene00013442,WBGene00013442,History: N.A.
WBGene00013443,,,,WBGene00013443,WBGene00013443,History: Renamed on 2013-09-25
WBGene00013447,,,,WBGene00013447,WBGene00013447,History: N.A.
WBGene00013567,,,,WBGene00013567,WBGene00013567,History: N.A.
WBGene00013569,,,,WBGene00013569,WBGene00013569,History: N.A.
WBGene00013577,,,,WBGene00013577,WBGene00013577,History: N.A.
WBGene00013578,,,,WBGene00013578,WBGene00013578,History: N.A.
WBGene00013597,,,,WBGene00013597,WBGene00013597,History: N.A.
WBGene00013601,,,,WBGene00013601,WBGene00013601,History: N.A.
WBGene00013604,,,,WBGene00013604,WBGene00013604,History: N.A.
WBGene00013610,,,,WBGene00013610,WBGene00013610,History: N.A.
WBGene00013622,,,,WBGene00013622,WBGene00013622,History: N.A.
WBGene00013718,,,,WBGene00013718,WBGene00013718,History: N.A.
WBGene00013720,,,,WBGene00013720,WBGene00013720,History: N.A.
WBGene00013724,,,,WBGene00013724,WBGene00013724,History: N.A.
WBGene00013727,,,,WBGene00013727,WBGene00013727,History: N.A.
WBGene00013729,,,,WBGene00013729,WBGene00013729,History: N.A.
WBGene00013738,,,,WBGene00013738,WBGene00013738,History: N.A.
WBGene00013740,,,,WBGene00013740,WBGene00013740,History: N.A.
WBGene00013804,,,,WBGene00013804,WBGene00013804,History: N.A.
WBGene00013878,,,,WBGene00013878,WBGene00013878,History: N.A.
WBGene00013880,,,,WBGene00013880,WBGene00013880,History: N.A.
WBGene00013894,,,,WBGene00013894,WBGene00013894,History: N.A.
WBGene00013958,,,,WBGene00013958,WBGene00013958,History: N.A.
WBGene00013966,,,,WBGene00013966,WBGene00013966,History: N.A.
WBGene00013967,,,,WBGene00013967,WBGene00013967,History: N.A.
WBGene00013997,,,,WBGene00013997,WBGene00013997,History: N.A.
WBGene00014013,,,,WBGene00014013,WBGene00014013,History: N.A.
WBGene00014020,,,,WBGene00014020,WBGene00014020,History: N.A.
WBGene00014022,,,,WBGene00014022,WBGene00014022,History: N.A.
WBGene00014027,,,,WBGene00014027,WBGene00014027,History: N.A.
WBGene00014095,,,,WBGene00014095,WBGene00014095,History: N.A.
WBGene00014097,,,,WBGene00014097,WBGene00014097,History: N.A.
WBGene00014113,,,,WBGene00014113,WBGene00014113,History: N.A.
WBGene00014120,,,,WBGene00014120,WBGene00014120,History: N.A.
WBGene00014139,,,,WBGene00014139,WBGene00014139,History: N.A.
WBGene00014166,,,,WBGene00014166,WBGene00014166,History: N.A.
WBGene00014176,,,,WBGene00014176,WBGene00014176,History: N.A.
WBGene00014202,,,,WBGene00014202,WBGene00014202,History: N.A.
WBGene00014205,,,,WBGene00014205,WBGene00014205,History: N.A.
WBGene00014222,,,,WBGene00014222,WBGene00014222,History: N.A.
WBGene00014224,,,,WBGene00014224,WBGene00014224,History: N.A.
WBGene00014230,,,,WBGene00014230,WBGene00014230,History: N.A.
WBGene00014243,,,,WBGene00014243,WBGene00014243,History: N.A.
WBGene00014258,,,,WBGene00014258,WBGene00014258,History: N.A.
WBGene00015011,,,,WBGene00015011,WBGene00015011,History: N.A.
WBGene00015029,,,,WBGene00015029,WBGene00015029,History: N.A.
WBGene00015083,,,,WBGene00015083,WBGene00015083,History: N.A.
WBGene00015095,,,,WBGene00015095,WBGene00015095,History: N.A.
WBGene00015098,,,,WBGene00015098,WBGene00015098,History: N.A.
WBGene00015099,,,,WBGene00015099,WBGene00015099,History: N.A.
WBGene00015101,,,,WBGene00015101,WBGene00015101,History: N.A.
WBGene00015102,,,,WBGene00015102,WBGene00015102,History: N.A.
WBGene00015133,,,,WBGene00015133,WBGene00015133,History: N.A.
WBGene00015134,,,,WBGene00015134,WBGene00015134,History: N.A.
WBGene00015136,,,,WBGene00015136,WBGene00015136,History: N.A.
WBGene00015146,,,,WBGene00015146,WBGene00015146,History: N.A.
WBGene00015150,,,,WBGene00015150,WBGene00015150,History: N.A.
WBGene00015161,,,,WBGene00015161,WBGene00015161,History: N.A.
WBGene00015183,,,,WBGene00015183,WBGene00015183,History: N.A.
WBGene00015189,,,,WBGene00015189,WBGene00015189,History: N.A.
WBGene00015245,,,,WBGene00015245,WBGene00015245,History: N.A.
WBGene00015266,,,,WBGene00015266,WBGene00015266,History: N.A.
WBGene00015267,,,,WBGene00015267,WBGene00015267,History: N.A.
WBGene00015273,,,,WBGene00015273,WBGene00015273,History: N.A.
WBGene00015282,,,,WBGene00015282,WBGene00015282,History: N.A.
WBGene00015297,,,,WBGene00015297,WBGene00015297,History: N.A.
WBGene00015299,,,,WBGene00015299,WBGene00015299,History: N.A.
WBGene00015301,,,,WBGene00015301,WBGene00015301,History: N.A.
WBGene00015312,,,,WBGene00015312,WBGene00015312,History: N.A.
WBGene00015313,,,,WBGene00015313,WBGene00015313,History: N.A.
WBGene00015326,,,,WBGene00015326,WBGene00015326,History: N.A.
WBGene00015404,,,,WBGene00015404,WBGene00015404,History: N.A.
WBGene00015413,,,,WBGene00015413,WBGene00015413,History: N.A.
WBGene00015425,,,,WBGene00015425,WBGene00015425,History: N.A.
WBGene00015462,,,,WBGene00015462,WBGene00015462,History: N.A.
WBGene00015463,,,,WBGene00015463,WBGene00015463,History: N.A.
WBGene00015504,,,,WBGene00015504,WBGene00015504,History: N.A.
WBGene00015505,,,,WBGene00015505,WBGene00015505,History: N.A.
WBGene00015512,,,,WBGene00015512,WBGene00015512,History: N.A.
WBGene00015538,,,,WBGene00015538,WBGene00015538,History: N.A.
WBGene00015540,,,,WBGene00015540,WBGene00015540,History: N.A.
WBGene00015557,,,,WBGene00015557,WBGene00015557,History: N.A.
WBGene00015565,,,,WBGene00015565,WBGene00015565,History: N.A.
WBGene00015577,,,,WBGene00015577,WBGene00015577,History: N.A.
WBGene00015579,,,,WBGene00015579,WBGene00015579,History: N.A.
WBGene00015590,,,,WBGene00015590,WBGene00015590,History: N.A.
WBGene00015591,,,,WBGene00015591,WBGene00015591,History: N.A.
WBGene00015642,,,,WBGene00015642,WBGene00015642,History: N.A.
WBGene00015662,,,,WBGene00015662,WBGene00015662,History: N.A.
WBGene00015677,,,,WBGene00015677,WBGene00015677,History: N.A.
WBGene00015691,,,,WBGene00015691,WBGene00015691,History: N.A.
WBGene00015693,,,,WBGene00015693,WBGene00015693,History: N.A.
WBGene00015698,,,,WBGene00015698,WBGene00015698,History: N.A.
WBGene00015747,,,,WBGene00015747,WBGene00015747,History: N.A.
WBGene00015766,,,,WBGene00015766,WBGene00015766,History: N.A.
WBGene00015769,,,,WBGene00015769,WBGene00015769,History: N.A.
WBGene00015778,,,,WBGene00015778,WBGene00015778,History: N.A.
WBGene00015807,,,,WBGene00015807,WBGene00015807,History: N.A.
WBGene00015815,,,,WBGene00015815,WBGene00015815,History: N.A.
WBGene00015816,,,,WBGene00015816,WBGene00015816,"History: Split into C16A11.10(WBGene00185089). History of WBGene00015816: Split into ""WBGene00185089"" on 2009-03-13"
WBGene00015819,,,,WBGene00015819,WBGene00015819,"History: Split into fbxc-43(WBGene00045297). History of WBGene00015819: Split into ""WBGene00045297"" on 2007-02-28"
WBGene00015842,,,,WBGene00015842,WBGene00015842,History: N.A.
WBGene00015843,,,,WBGene00015843,WBGene00015843,History: N.A.
WBGene00015850,,,,WBGene00015850,WBGene00015850,History: N.A.
WBGene00015852,,,,WBGene00015852,WBGene00015852,History: N.A.
WBGene00015885,,,,WBGene00015885,WBGene00015885,History: N.A.
WBGene00015912,,,,WBGene00015912,WBGene00015912,History: N.A.
WBGene00015915,,,,WBGene00015915,WBGene00015915,History: N.A.
WBGene00015955,,,,WBGene00015955,WBGene00015955,History: N.A.
WBGene00015975,,,,WBGene00015975,WBGene00015975,History: N.A.
WBGene00015976,,,,WBGene00015976,WBGene00015976,History: N.A.
WBGene00016014,,,,WBGene00016014,WBGene00016014,History: N.A.
WBGene00016045,,,,WBGene00016045,WBGene00016045,History: N.A.
WBGene00016055,,,,WBGene00016055,WBGene00016055,History: N.A.
WBGene00016057,,,,WBGene00016057,WBGene00016057,History: N.A.
WBGene00016068,,,,WBGene00016068,WBGene00016068,History: N.A.
WBGene00016129,,,,WBGene00016129,WBGene00016129,History: N.A.
WBGene00016142,,,,WBGene00016142,WBGene00016142,History: N.A.
WBGene00016144,,,,WBGene00016144,WBGene00016144,History: Renamed on 2006-01-16
WBGene00016162,,,,WBGene00016162,WBGene00016162,History: N.A.
WBGene00016163,,,,WBGene00016163,WBGene00016163,History: N.A.
WBGene00016169,,,,WBGene00016169,WBGene00016169,History: N.A.
WBGene00016178,,,,WBGene00016178,WBGene00016178,History: N.A.
WBGene00016182,,,,WBGene00016182,WBGene00016182,History: N.A.
WBGene00016236,,,,WBGene00016236,WBGene00016236,History: Renamed on 2018-06-11
WBGene00016249,,,,WBGene00016249,WBGene00016249,History: N.A.
WBGene00016250,,,,WBGene00016250,WBGene00016250,History: N.A.
WBGene00016261,,,,WBGene00016261,WBGene00016261,History: N.A.
WBGene00016277,,,,WBGene00016277,WBGene00016277,History: N.A.
WBGene00016291,,,,WBGene00016291,WBGene00016291,History: N.A.
WBGene00016311,,,,WBGene00016311,WBGene00016311,History: N.A.
WBGene00016318,,,,WBGene00016318,WBGene00016318,History: N.A.
WBGene00016333,,,,WBGene00016333,WBGene00016333,History: N.A.
WBGene00016353,,,,WBGene00016353,WBGene00016353,History: N.A.
WBGene00016374,,,,WBGene00016374,WBGene00016374,History: N.A.
WBGene00016378,,,,WBGene00016378,WBGene00016378,History: N.A.
WBGene00016390,,,,WBGene00016390,WBGene00016390,History: N.A.
WBGene00016392,,,,WBGene00016392,WBGene00016392,History: N.A.
WBGene00016402,,,,WBGene00016402,WBGene00016402,History: N.A.
WBGene00016412,,,,WBGene00016412,WBGene00016412,History: N.A.
WBGene00016418,,,,WBGene00016418,WBGene00016418,History: N.A.
WBGene00016439,,,,WBGene00016439,WBGene00016439,History: N.A.
WBGene00016442,,,,WBGene00016442,WBGene00016442,History: N.A.
WBGene00016443,,,,WBGene00016443,WBGene00016443,History: N.A.
WBGene00016446,,,,WBGene00016446,WBGene00016446,History: N.A.
WBGene00016485,,,,WBGene00016485,WBGene00016485,History: N.A.
WBGene00016486,,,,WBGene00016486,WBGene00016486,History: N.A.
WBGene00016507,,,,WBGene00016507,WBGene00016507,History: Renamed on 2015-07-17
WBGene00016589,,,,WBGene00016589,WBGene00016589,History: N.A.
WBGene00016590,,,,WBGene00016590,WBGene00016590,History: N.A.
WBGene00016592,,,,WBGene00016592,WBGene00016592,History: N.A.
WBGene00016610,,,,WBGene00016610,WBGene00016610,History: N.A.
WBGene00016623,,,,WBGene00016623,WBGene00016623,History: N.A.
WBGene00016630,,,,WBGene00016630,WBGene00016630,History: N.A.
WBGene00016652,,,,WBGene00016652,WBGene00016652,History: N.A.
WBGene00016676,,,,WBGene00016676,WBGene00016676,History: N.A.
WBGene00016739,,,,WBGene00016739,WBGene00016739,History: Renamed on 2016-08-03
WBGene00016740,,,,WBGene00016740,WBGene00016740,History: N.A.
WBGene00016764,,,,WBGene00016764,WBGene00016764,History: N.A.
WBGene00016793,,,,WBGene00016793,WBGene00016793,History: N.A.
WBGene00016799,,,,WBGene00016799,WBGene00016799,History: N.A.
WBGene00016812,,,,WBGene00016812,WBGene00016812,History: N.A.
WBGene00016822,,,,WBGene00016822,WBGene00016822,History: N.A.
WBGene00016823,,,,WBGene00016823,WBGene00016823,History: N.A.
WBGene00016844,,,,WBGene00016844,WBGene00016844,History: N.A.
WBGene00016849,,,,WBGene00016849,WBGene00016849,History: N.A.
WBGene00016872,,,,WBGene00016872,WBGene00016872,History: N.A.
WBGene00016947,,,,WBGene00016947,WBGene00016947,History: N.A.
WBGene00016955,,,,WBGene00016955,WBGene00016955,"History: Split into C55C3.73(WBGene00303049). History of WBGene00016955: Split into ""WBGene00303049"" on 2018-03-02"
WBGene00016960,,,,WBGene00016960,WBGene00016960,History: N.A.
WBGene00016987,,,,WBGene00016987,WBGene00016987,History: N.A.
WBGene00016989,,,,WBGene00016989,WBGene00016989,History: N.A.
WBGene00016993,,,,WBGene00016993,WBGene00016993,History: N.A.
WBGene00016995,,,,WBGene00016995,WBGene00016995,History: N.A.
WBGene00017003,,,,WBGene00017003,WBGene00017003,History: N.A.
WBGene00017015,,,,WBGene00017015,WBGene00017015,"History: Split into D1014.13(WBGene00303233). History of WBGene00017015: Split into ""WBGene00303233"" on 2018-05-16"
WBGene00017031,,,,WBGene00017031,WBGene00017031,History: N.A.
WBGene00017038,,,,WBGene00017038,WBGene00017038,History: N.A.
WBGene00017062,,,,WBGene00017062,WBGene00017062,History: N.A.
WBGene00017070,,,,WBGene00017070,WBGene00017070,History: N.A.
WBGene00017078,,,,WBGene00017078,WBGene00017078,History: N.A.
WBGene00017084,,,,WBGene00017084,WBGene00017084,History: N.A.
WBGene00017141,,,,WBGene00017141,WBGene00017141,History: N.A.
WBGene00017142,,,,WBGene00017142,WBGene00017142,History: N.A.
WBGene00017159,,,,WBGene00017159,WBGene00017159,History: N.A.
WBGene00017160,,,,WBGene00017160,WBGene00017160,History: N.A.
WBGene00017161,,,,WBGene00017161,WBGene00017161,History: N.A.
WBGene00017164,,,,WBGene00017164,WBGene00017164,History: N.A.
WBGene00017177,,,,WBGene00017177,WBGene00017177,History: N.A.
WBGene00017181,,,,WBGene00017181,WBGene00017181,History: N.A.
WBGene00017219,,,,WBGene00017219,WBGene00017219,History: N.A.
WBGene00017239,,,,WBGene00017239,WBGene00017239,History: N.A.
WBGene00017261,,,,WBGene00017261,WBGene00017261,History: N.A.
WBGene00017263,,,,WBGene00017263,WBGene00017263,History: N.A.
WBGene00017283,,,,WBGene00017283,WBGene00017283,History: N.A.
WBGene00017293,,,,WBGene00017293,WBGene00017293,History: N.A.
WBGene00017319,,,,WBGene00017319,WBGene00017319,History: N.A.
WBGene00017321,,,,WBGene00017321,WBGene00017321,History: N.A.
WBGene00017348,,,,WBGene00017348,WBGene00017348,History: N.A.
WBGene00017358,,,,WBGene00017358,WBGene00017358,History: N.A.
WBGene00017397,,,,WBGene00017397,WBGene00017397,History: N.A.
WBGene00017407,,,,WBGene00017407,WBGene00017407,History: N.A.
WBGene00017450,,,,WBGene00017450,WBGene00017450,History: N.A.
WBGene00017452,,,,WBGene00017452,WBGene00017452,History: N.A.
WBGene00017459,,,,WBGene00017459,WBGene00017459,History: N.A.
WBGene00017460,,,,WBGene00017460,WBGene00017460,History: N.A.
WBGene00017461,,,,WBGene00017461,WBGene00017461,History: N.A.
WBGene00017480,,,,WBGene00017480,WBGene00017480,History: N.A.
WBGene00017532,,,,WBGene00017532,WBGene00017532,History: N.A.
WBGene00017547,,,,WBGene00017547,WBGene00017547,History: N.A.
WBGene00017587,,,,WBGene00017587,WBGene00017587,History: N.A.
WBGene00017607,,,,WBGene00017607,WBGene00017607,History: N.A.
WBGene00017674,,,,WBGene00017674,WBGene00017674,History: N.A.
WBGene00017696,,,,WBGene00017696,WBGene00017696,History: N.A.
WBGene00017708,,,,WBGene00017708,WBGene00017708,History: N.A.
WBGene00017712,,,,WBGene00017712,WBGene00017712,History: N.A.
WBGene00017714,,,,WBGene00017714,WBGene00017714,History: N.A.
WBGene00017733,,,,WBGene00017733,WBGene00017733,History: N.A.
WBGene00017734,,,,WBGene00017734,WBGene00017734,History: N.A.
WBGene00017767,,,,WBGene00017767,WBGene00017767,History: N.A.
WBGene00017770,,,,WBGene00017770,WBGene00017770,History: N.A.
WBGene00017777,,,,WBGene00017777,WBGene00017777,History: N.A.
WBGene00017799,,,,WBGene00017799,WBGene00017799,History: N.A.
WBGene00017801,,,,WBGene00017801,WBGene00017801,History: N.A.
WBGene00017818,,,,WBGene00017818,WBGene00017818,"History: Split into F26D11.20(WBGene00302988). History of WBGene00017818: Split into ""WBGene00302988"" on 2018-03-06"
WBGene00017843,,,,WBGene00017843,WBGene00017843,History: N.A.
WBGene00017886,,,,WBGene00017886,WBGene00017886,History: N.A.
WBGene00017934,,,,WBGene00017934,WBGene00017934,History: N.A.
WBGene00017947,,,,WBGene00017947,WBGene00017947,History: N.A.
WBGene00017985,,,,WBGene00017985,WBGene00017985,History: N.A.
WBGene00018010,,,,WBGene00018010,WBGene00018010,History: N.A.
WBGene00018037,,,,WBGene00018037,WBGene00018037,History: N.A.
WBGene00018045,,,,WBGene00018045,WBGene00018045,History: N.A.
WBGene00018046,,,,WBGene00018046,WBGene00018046,History: N.A.
WBGene00018061,,,,WBGene00018061,WBGene00018061,History: N.A.
WBGene00018072,,,,WBGene00018072,WBGene00018072,History: N.A.
WBGene00018118,,,,WBGene00018118,WBGene00018118,History: N.A.
WBGene00018131,,,,WBGene00018131,WBGene00018131,History: N.A.
WBGene00018152,,,,WBGene00018152,WBGene00018152,History: N.A.
WBGene00018160,,,,WBGene00018160,WBGene00018160,History: Renamed on 2013-08-29
WBGene00018181,,,,WBGene00018181,WBGene00018181,History: N.A.
WBGene00018189,,,,WBGene00018189,WBGene00018189,History: N.A.
WBGene00018218,,,,WBGene00018218,WBGene00018218,History: N.A.
WBGene00018230,,,,WBGene00018230,WBGene00018230,History: N.A.
WBGene00018240,,,,WBGene00018240,WBGene00018240,History: N.A.
WBGene00018265,,,,WBGene00018265,WBGene00018265,History: N.A.
WBGene00018269,,,,WBGene00018269,WBGene00018269,History: N.A.
WBGene00018305,,,,WBGene00018305,WBGene00018305,History: N.A.
WBGene00018321,,,,WBGene00018321,WBGene00018321,History: N.A.
WBGene00018335,,,,WBGene00018335,WBGene00018335,History: N.A.
WBGene00018337,,,,WBGene00018337,WBGene00018337,History: N.A.
WBGene00018357,,,,WBGene00018357,WBGene00018357,History: N.A.
WBGene00018366,,,,WBGene00018366,WBGene00018366,History: N.A.
WBGene00018399,,,,WBGene00018399,WBGene00018399,History: N.A.
WBGene00018408,,,,WBGene00018408,WBGene00018408,History: N.A.
WBGene00018421,,,,WBGene00018421,WBGene00018421,History: N.A.
WBGene00018426,,,,WBGene00018426,WBGene00018426,History: N.A.
WBGene00018433,,,,WBGene00018433,WBGene00018433,History: N.A.
WBGene00018455,,,,WBGene00018455,WBGene00018455,History: N.A.
WBGene00018491,,,,WBGene00018491,WBGene00018491,History: N.A.
WBGene00018509,,,,WBGene00018509,WBGene00018509,History: N.A.
WBGene00018511,,,,WBGene00018511,WBGene00018511,History: N.A.
WBGene00018513,,,,WBGene00018513,WBGene00018513,History: N.A.
WBGene00018564,,,,WBGene00018564,WBGene00018564,History: N.A.
WBGene00018586,,,,WBGene00018586,WBGene00018586,History: N.A.
WBGene00018599,,,,WBGene00018599,WBGene00018599,History: N.A.
WBGene00018612,,,,WBGene00018612,WBGene00018612,History: Renamed on 2017-03-13
WBGene00018613,,,,WBGene00018613,WBGene00018613,History: N.A.
WBGene00018632,,,,WBGene00018632,WBGene00018632,"History: Split into F49D11.10(WBGene00045433). History of WBGene00018632: Split into ""WBGene00045433"" on 2007-05-23"
WBGene00018636,,,,WBGene00018636,WBGene00018636,History: N.A.
WBGene00018659,,,,WBGene00018659,WBGene00018659,History: N.A.
WBGene00018660,,,,WBGene00018660,WBGene00018660,History: Renamed on 2005-03-17
WBGene00018665,,,,WBGene00018665,WBGene00018665,History: N.A.
WBGene00018678,,,,WBGene00018678,WBGene00018678,History: N.A.
WBGene00018680,,,,WBGene00018680,WBGene00018680,History: N.A.
WBGene00018698,,,,WBGene00018698,WBGene00018698,History: N.A.
WBGene00018765,,,,WBGene00018765,WBGene00018765,History: N.A.
WBGene00018808,,,,WBGene00018808,WBGene00018808,History: N.A.
WBGene00018813,,,,WBGene00018813,WBGene00018813,History: N.A.
WBGene00018819,,,,WBGene00018819,WBGene00018819,History: Renamed on 2011-05-06
WBGene00018833,,,,WBGene00018833,WBGene00018833,History: N.A.
WBGene00018863,,,,WBGene00018863,WBGene00018863,History: N.A.
WBGene00018867,,,,WBGene00018867,WBGene00018867,History: N.A.
WBGene00018894,,,,WBGene00018894,WBGene00018894,History: N.A.
WBGene00018901,,,,WBGene00018901,WBGene00018901,History: N.A.
WBGene00018902,,,,WBGene00018902,WBGene00018902,History: N.A.
WBGene00018903,,,,WBGene00018903,WBGene00018903,History: N.A.
WBGene00018921,,,,WBGene00018921,WBGene00018921,History: Renamed on 2014-03-26
WBGene00018925,,,,WBGene00018925,WBGene00018925,History: N.A.
WBGene00018932,,,,WBGene00018932,WBGene00018932,History: N.A.
WBGene00018948,,,,WBGene00018948,WBGene00018948,History: N.A.
WBGene00018950,,,,WBGene00018950,WBGene00018950,History: N.A.
WBGene00018955,,,,WBGene00018955,WBGene00018955,History: N.A.
WBGene00018959,,,,WBGene00018959,WBGene00018959,History: N.A.
WBGene00018960,,,,WBGene00018960,WBGene00018960,History: N.A.
WBGene00018961,,,,WBGene00018961,WBGene00018961,History: N.A.
WBGene00019001,,,,WBGene00019001,WBGene00019001,History: N.A.
WBGene00019003,,,,WBGene00019003,WBGene00019003,History: N.A.
WBGene00019075,,,,WBGene00019075,WBGene00019075,"History: Split into F59A3.12(WBGene00185086). History of WBGene00019075: Split into ""WBGene00185086"" on 2009-03-13"
WBGene00019076,,,,WBGene00019076,WBGene00019076,History: N.A.
WBGene00019120,,,,WBGene00019120,WBGene00019120,History: N.A.
WBGene00019121,,,,WBGene00019121,WBGene00019121,History: N.A.
WBGene00019138,,,,WBGene00019138,WBGene00019138,History: N.A.
WBGene00019140,,,,WBGene00019140,WBGene00019140,History: N.A.
WBGene00019141,,,,WBGene00019141,WBGene00019141,History: N.A.
WBGene00019189,,,,WBGene00019189,WBGene00019189,History: N.A.
WBGene00019196,,,,WBGene00019196,WBGene00019196,History: N.A.
WBGene00019197,,,,WBGene00019197,WBGene00019197,History: N.A.
WBGene00019247,,,,WBGene00019247,WBGene00019247,History: N.A.
WBGene00019254,,,,WBGene00019254,WBGene00019254,History: N.A.
WBGene00019274,,,,WBGene00019274,WBGene00019274,History: N.A.
WBGene00019296,,,,WBGene00019296,WBGene00019296,History: N.A.
WBGene00019362,,,,WBGene00019362,WBGene00019362,History: N.A.
WBGene00019396,,,,WBGene00019396,WBGene00019396,History: N.A.
WBGene00019429,,,,WBGene00019429,WBGene00019429,History: N.A.
WBGene00019431,,,,WBGene00019431,WBGene00019431,History: N.A.
WBGene00019480,,,,WBGene00019480,WBGene00019480,History: N.A.
WBGene00019503,,,,WBGene00019503,WBGene00019503,History: N.A.
WBGene00019505,,,,WBGene00019505,WBGene00000923,"History: Merged into ""WBGene00000923"" on 2014-10-27. Remark: All name identifiers for this gene were either transferred or lost when the gene was merged."
WBGene00019534,,,,WBGene00019534,WBGene00019534,History: N.A.
WBGene00019546,,,,WBGene00019546,WBGene00019546,History: N.A.
WBGene00019578,,,,WBGene00019578,WBGene00019578,History: N.A.
WBGene00019608,,,,WBGene00019608,WBGene00019608,History: N.A.
WBGene00019628,,,,WBGene00019628,WBGene00019628,History: N.A.
WBGene00019645,,,,WBGene00019645,WBGene00019645,History: N.A.
WBGene00019664,,,,WBGene00019664,WBGene00019664,History: N.A.
WBGene00019665,,,,WBGene00019665,WBGene00019665,History: N.A.
WBGene00019677,,,,WBGene00019677,WBGene00019677,History: N.A.
WBGene00019683,,,,WBGene00019683,WBGene00019683,History: N.A.
WBGene00019710,,,,WBGene00019710,WBGene00019710,History: N.A.
WBGene00019712,,,,WBGene00019712,WBGene00019712,History: N.A.
WBGene00019723,,,,WBGene00019723,WBGene00019723,History: N.A.
WBGene00019724,,,,WBGene00019724,WBGene00019724,History: N.A.
WBGene00019747,,,,WBGene00019747,WBGene00019747,History: N.A.
WBGene00019792,,,,WBGene00019792,WBGene00019792,History: N.A.
WBGene00019794,,,,WBGene00019794,WBGene00019794,History: N.A.
WBGene00019795,,,,WBGene00019795,WBGene00019795,"History: Split into M151.9(WBGene00219238). History of WBGene00019795: Split into ""WBGene00219238"" on 2011-09-19"
WBGene00019799,,,,WBGene00019799,WBGene00019799,History: N.A.
WBGene00019800,,,,WBGene00019800,WBGene00019800,History: N.A.
WBGene00019801,,,,WBGene00019801,WBGene00019801,History: N.A.
WBGene00019811,,,,WBGene00019811,WBGene00019811,History: N.A.
WBGene00019833,,,,WBGene00019833,WBGene00019833,History: N.A.
WBGene00019838,,,,WBGene00019838,WBGene00019838,History: N.A.
WBGene00019888,,,,WBGene00019888,WBGene00019888,History: Renamed on 2014-03-03
WBGene00019890,,,,WBGene00019890,WBGene00019890,History: N.A.
WBGene00019893,,,,WBGene00019893,WBGene00019893,History: N.A.
WBGene00019894,,,,WBGene00019894,WBGene00019894,History: N.A.
WBGene00019905,,,,WBGene00019905,WBGene00019905,History: N.A.
WBGene00019983,,,,WBGene00019983,WBGene00019983,History: N.A.
WBGene00019989,,,,WBGene00019989,WBGene00019989,History: N.A.
WBGene00020035,,,,WBGene00020035,WBGene00020035,History: N.A.
WBGene00020068,,,,WBGene00020068,WBGene00020068,History: N.A.
WBGene00020088,,,,WBGene00020088,WBGene00020088,History: N.A.
WBGene00020089,,,,WBGene00020089,WBGene00020089,History: N.A.
WBGene00020091,,,,WBGene00020091,WBGene00020091,History: N.A.
WBGene00020103,,,,WBGene00020103,WBGene00020103,History: N.A.
WBGene00020110,,,,WBGene00020110,WBGene00020110,History: N.A.
WBGene00020185,,,,WBGene00020185,WBGene00020185,History: N.A.
WBGene00020189,,,,WBGene00020189,WBGene00020189,History: N.A.
WBGene00020193,,,,WBGene00020193,WBGene00020193,History: N.A.
WBGene00020199,,,,WBGene00020199,WBGene00020199,History: N.A.
WBGene00020219,,,,WBGene00020219,WBGene00020219,History: N.A.
WBGene00020264,,,,WBGene00020264,WBGene00020264,History: N.A.
WBGene00020268,,,,WBGene00020268,WBGene00020268,History: N.A.
WBGene00020314,,,,WBGene00020314,WBGene00020314,History: N.A.
WBGene00020316,,,,WBGene00020316,WBGene00020316,History: N.A.
WBGene00020374,,,,WBGene00020374,WBGene00020374,History: N.A.
WBGene00020376,,,,WBGene00020376,WBGene00020376,History: N.A.
WBGene00020391,,,,WBGene00020391,WBGene00020391,History: N.A.
WBGene00020422,,,,WBGene00020422,WBGene00020422,History: N.A.
WBGene00020425,,,,WBGene00020425,WBGene00020425,History: N.A.
WBGene00020442,,,,WBGene00020442,WBGene00020442,History: N.A.
WBGene00020447,,,,WBGene00020447,WBGene00020447,History: N.A.
WBGene00020461,,,,WBGene00020461,WBGene00020461,History: N.A.
WBGene00020467,,,,WBGene00020467,WBGene00020467,History: N.A.
WBGene00020481,,,,WBGene00020481,WBGene00020481,History: N.A.
WBGene00020498,,,,WBGene00020498,WBGene00020498,History: N.A.
WBGene00020549,,,,WBGene00020549,WBGene00020549,History: N.A.
WBGene00020558,,,,WBGene00020558,WBGene00020558,History: N.A.
WBGene00020600,,,,WBGene00020600,WBGene00020600,History: N.A.
WBGene00020652,,,,WBGene00020652,WBGene00020652,History: N.A.
WBGene00020679,,,,WBGene00020679,WBGene00020679,History: N.A.
WBGene00020684,,,,WBGene00020684,WBGene00020684,History: N.A.
WBGene00020696,,,,WBGene00020696,WBGene00020696,History: N.A.
WBGene00020716,,,,WBGene00020716,WBGene00020716,History: N.A.
WBGene00020721,,,,WBGene00020721,WBGene00020721,History: N.A.
WBGene00020761,,,,WBGene00020761,WBGene00020761,History: Renamed on 2005-03-17
WBGene00020777,,,,WBGene00020777,WBGene00020777,History: N.A.
WBGene00020783,,,,WBGene00020783,WBGene00020783,History: N.A.
WBGene00020820,,,,WBGene00020820,WBGene00020820,History: N.A.
WBGene00020831,,,,WBGene00020831,WBGene00020831,History: N.A.
WBGene00020842,,,,WBGene00020842,WBGene00020842,History: Renamed on 2019-08-12; Renamed on 2019-09-11
WBGene00020843,,,,WBGene00020843,WBGene00020843,History: N.A.
WBGene00020883,,,,WBGene00020883,WBGene00020883,History: N.A.
WBGene00020896,,,,WBGene00020896,WBGene00020896,"History: Split into T28D9.16(WBGene00270303). History of WBGene00020896: Split into ""WBGene00270303"" on 2016-07-01"
WBGene00020909,,,,WBGene00020909,WBGene00020909,History: N.A.
WBGene00020910,,,,WBGene00020910,WBGene00020910,History: N.A.
WBGene00020941,,,,WBGene00020941,WBGene00020941,History: N.A.
WBGene00020948,,,,WBGene00020948,WBGene00020948,History: N.A.
WBGene00020949,,,,WBGene00020949,WBGene00020949,History: N.A.
WBGene00020950,,,,WBGene00020950,WBGene00020950,History: N.A.
WBGene00020964,,,,WBGene00020964,WBGene00020964,History: N.A.
WBGene00020999,,,,WBGene00020999,WBGene00020999,History: N.A.
WBGene00021034,,,,WBGene00021034,WBGene00021034,History: N.A.
WBGene00021035,,,,WBGene00021035,WBGene00021035,History: N.A.
WBGene00021038,,,,WBGene00021038,WBGene00021038,History: N.A.
WBGene00021055,,,,WBGene00021055,WBGene00021055,History: N.A.
WBGene00021078,,,,WBGene00021078,WBGene00021078,History: N.A.
WBGene00021093,,,,WBGene00021093,WBGene00021093,History: N.A.
WBGene00021107,,,,WBGene00021107,WBGene00021107,History: N.A.
WBGene00021123,,,,WBGene00021123,WBGene00021123,History: N.A.
WBGene00021153,,,,WBGene00021153,WBGene00021153,History: N.A.
WBGene00021200,,,,WBGene00021200,WBGene00021200,History: N.A.
WBGene00021206,,,,WBGene00021206,WBGene00003216,"History: Merged into ""WBGene00003216"" on 2016-10-14. Remark: All name identifiers for this gene were either transferred or lost when the gene was merged."
WBGene00021227,,,,WBGene00021227,WBGene00021227,History: N.A.
WBGene00021248,,,,WBGene00021248,WBGene00021248,History: N.A.
WBGene00021269,,,,WBGene00021269,WBGene00021269,History: N.A.
WBGene00021286,,,,WBGene00021286,WBGene00021286,History: N.A.
WBGene00021305,,,,WBGene00021305,WBGene00021305,History: Renamed on 2015-11-05
WBGene00021315,,,,WBGene00021315,WBGene00021315,History: N.A.
WBGene00021344,,,,WBGene00021344,WBGene00021344,History: N.A.
WBGene00021355,,,,WBGene00021355,WBGene00021355,History: N.A.
WBGene00021394,,,,WBGene00021394,WBGene00021394,History: N.A.
WBGene00021440,,,,WBGene00021440,WBGene00021440,History: N.A.
WBGene00021442,,,,WBGene00021442,WBGene00021442,History: N.A.
WBGene00021460,,,,WBGene00021460,WBGene00021460,History: N.A.
WBGene00021467,,,,WBGene00021467,WBGene00021467,History: N.A.
WBGene00021475,,,,WBGene00021475,WBGene00021475,History: N.A.
WBGene00021486,,,,WBGene00021486,WBGene00021486,History: N.A.
WBGene00021535,,,,WBGene00021535,WBGene00021535,History: N.A.
WBGene00021555,,,,WBGene00021555,WBGene00021555,History: N.A.
WBGene00021564,,,,WBGene00021564,WBGene00021564,History: N.A.
WBGene00021596,,,,WBGene00021596,WBGene00021596,History: N.A.
WBGene00021626,,,,WBGene00021626,WBGene00021626,History: N.A.
WBGene00021628,,,,WBGene00021628,WBGene00021628,"History: Split into Y47D9A.7(WBGene00303090). History of WBGene00021628: Split into ""WBGene00303090"" on 2018-03-02"
WBGene00021646,,,,WBGene00021646,WBGene00021646,History: N.A.
WBGene00021647,,,,WBGene00021647,WBGene00021647,History: N.A.
WBGene00021649,,,,WBGene00021649,WBGene00021649,History: N.A.
WBGene00021657,,,,WBGene00021657,WBGene00021657,History: N.A.
WBGene00021658,,,,WBGene00021658,WBGene00021658,History: N.A.
WBGene00021662,,,,WBGene00021662,WBGene00021662,"History: Split into Y48G1BL.8(WBGene00255594). History of WBGene00021662: Split into ""WBGene00255594"" on 2014-09-03"
WBGene00021667,,,,WBGene00021667,WBGene00021667,History: N.A.
WBGene00021682,,,,WBGene00021682,WBGene00021682,History: N.A.
WBGene00021713,,,,WBGene00021713,WBGene00021713,History: N.A.
WBGene00021721,,,,WBGene00021721,WBGene00021721,History: N.A.
WBGene00021732,,,,WBGene00021732,WBGene00021732,History: N.A.
WBGene00021748,,,,WBGene00021748,WBGene00021748,History: N.A.
WBGene00021749,,,,WBGene00021749,WBGene00021749,History: N.A.
WBGene00021757,,,,WBGene00021757,WBGene00021757,History: N.A.
WBGene00021763,,,,WBGene00021763,WBGene00021763,History: N.A.
WBGene00021781,,,,WBGene00021781,WBGene00021781,History: N.A.
WBGene00021785,,,,WBGene00021785,WBGene00021785,History: N.A.
WBGene00021795,,,,WBGene00021795,WBGene00021795,History: N.A.
WBGene00021818,,,,WBGene00021818,WBGene00021818,History: N.A.
WBGene00021828,,,,WBGene00021828,WBGene00021828,History: N.A.
WBGene00021829,,,,WBGene00021829,WBGene00021829,History: N.A.
WBGene00021832,,,,WBGene00021832,WBGene00021832,History: N.A.
WBGene00021839,,,,WBGene00021839,WBGene00021839,History: N.A.
WBGene00021841,,,,WBGene00021841,WBGene00021841,History: N.A.
WBGene00021847,,,,WBGene00021847,WBGene00021847,History: N.A.
WBGene00021853,,,,WBGene00021853,WBGene00021853,History: N.A.
WBGene00021854,,,,WBGene00021854,WBGene00021854,History: N.A.
WBGene00021855,,,,WBGene00021855,WBGene00021855,History: N.A.
WBGene00021887,,,,WBGene00021887,WBGene00021887,History: N.A.
WBGene00021888,,,,WBGene00021888,WBGene00021888,History: N.A.
WBGene00021898,,,,WBGene00021898,WBGene00021898,History: N.A.
WBGene00021928,,,,WBGene00021928,WBGene00021928,History: N.A.
WBGene00021934,,,,WBGene00021934,WBGene00021934,History: N.A.
WBGene00021942,,,,WBGene00021942,WBGene00021942,History: N.A.
WBGene00021943,,,,WBGene00021943,WBGene00021943,History: N.A.
WBGene00021944,,,,WBGene00021944,WBGene00021943,"History: Merged into ""WBGene00021943"" on 2016-10-20"
WBGene00021956,,,,WBGene00021956,WBGene00021956,History: N.A.
WBGene00022022,,,,WBGene00022022,WBGene00022022,History: N.A.
WBGene00022028,,,,WBGene00022028,WBGene00022028,History: N.A.
WBGene00022035,,,,WBGene00022035,WBGene00022035,History: N.A.
WBGene00022036,,,,WBGene00022036,WBGene00022036,History: N.A.
WBGene00022037,,,,WBGene00022037,WBGene00022037,History: N.A.
WBGene00022043,,,,WBGene00022043,WBGene00022043,History: N.A.
WBGene00022048,,,,WBGene00022048,WBGene00022048,History: N.A.
WBGene00022053,,,,WBGene00022053,WBGene00022053,History: N.A.
WBGene00022113,,,,WBGene00022113,WBGene00022113,History: N.A.
WBGene00022124,,,,WBGene00022124,WBGene00022124,History: N.A.
WBGene00022126,,,,WBGene00022126,WBGene00022126,History: N.A.
WBGene00022127,,,,WBGene00022127,WBGene00022127,History: N.A.
WBGene00022128,,,,WBGene00022128,WBGene00022128,History: N.A.
WBGene00022150,,,,WBGene00022150,WBGene00022150,History: N.A.
WBGene00022159,,,,WBGene00022159,WBGene00022159,History: N.A.
WBGene00022167,,,,WBGene00022167,WBGene00022167,History: N.A.
WBGene00022172,,,,WBGene00022172,WBGene00022172,History: N.A.
WBGene00022218,,,,WBGene00022218,WBGene00022218,History: N.A.
WBGene00022232,,,,WBGene00022232,WBGene00022232,History: N.A.
WBGene00022233,,,,WBGene00022233,WBGene00022233,History: N.A.
WBGene00022237,,,,WBGene00022237,WBGene00022237,History: N.A.
WBGene00022257,,,,WBGene00022257,WBGene00022257,History: N.A.
WBGene00022291,,,,WBGene00022291,WBGene00022291,History: N.A.
WBGene00022292,,,,WBGene00022292,WBGene00022292,History: N.A.
WBGene00022296,,,,WBGene00022296,WBGene00022296,History: N.A.
WBGene00022351,,,,WBGene00022351,WBGene00022351,History: N.A.
WBGene00022390,,,,WBGene00022390,WBGene00022390,History: N.A.
WBGene00022394,,,,WBGene00022394,WBGene00022394,History: N.A.
WBGene00022425,,,,WBGene00022425,WBGene00022425,History: N.A.
WBGene00022447,,,,WBGene00022447,WBGene00022447,History: Renamed on 2018-12-11
WBGene00022452,,,,WBGene00022452,WBGene00022452,History: N.A.
WBGene00022462,,,,WBGene00022462,WBGene00022462,History: N.A.
WBGene00022463,,,,WBGene00022463,WBGene00022463,History: N.A.
WBGene00022464,,,,WBGene00022464,WBGene00002804,"History: Merged into ""WBGene00002804"" on 2015-01-09. Remark: All name identifiers for this gene were either transferred or lost when the gene was merged."
WBGene00022470,,,,WBGene00022470,WBGene00022470,History: N.A.
WBGene00022491,,,,WBGene00022491,WBGene00022491,History: N.A.
WBGene00022493,,,,WBGene00022493,WBGene00022493,History: N.A.
WBGene00022532,,,,WBGene00022532,WBGene00022532,History: N.A.
WBGene00022587,,,,WBGene00022587,WBGene00022587,History: N.A.
WBGene00022590,,,,WBGene00022590,WBGene00022590,History: N.A.
WBGene00022599,,,,WBGene00022599,WBGene00022599,History: N.A.
WBGene00022608,,,,WBGene00022608,WBGene00022608,History: N.A.
WBGene00022673,,,,WBGene00022673,WBGene00022673,History: N.A.
WBGene00022678,,,,WBGene00022678,WBGene00022678,History: N.A.
WBGene00022719,,,,WBGene00022719,WBGene00022719,History: N.A.
WBGene00022721,,,,WBGene00022721,WBGene00022721,History: N.A.
WBGene00022759,,,,WBGene00022759,WBGene00022759,History: N.A.
WBGene00022772,,,,WBGene00022772,WBGene00022772,History: N.A.
WBGene00022773,,,,WBGene00022773,WBGene00022773,History: N.A.
WBGene00022775,,,,WBGene00022775,WBGene00022775,History: N.A.
WBGene00022776,,,,WBGene00022776,WBGene00022776,History: Renamed on 2012-12-11
WBGene00022783,,,,WBGene00022783,WBGene00022783,History: N.A.
WBGene00022791,,,,WBGene00022791,WBGene00022791,History: N.A.
WBGene00022800,,,,WBGene00022800,WBGene00022800,History: N.A.
WBGene00022817,,,,WBGene00022817,WBGene00022817,History: N.A.
WBGene00022830,,,,WBGene00022830,WBGene00022830,History: N.A.
WBGene00022832,,,,WBGene00022832,WBGene00022832,History: N.A.
WBGene00022862,,,,WBGene00022862,WBGene00022862,History: N.A.
WBGene00022877,,,,WBGene00022877,WBGene00022877,History: N.A.
WBGene00022880,,,,WBGene00022880,WBGene00022880,History: N.A.
WBGene00022883,,,,WBGene00022883,WBGene00022883,History: N.A.
WBGene00023419,,,,WBGene00023419,WBGene00023419,History: N.A.
WBGene00023422,,,,WBGene00023422,WBGene00023422,History: N.A.
WBGene00023427,,,,WBGene00023427,WBGene00023427,History: N.A.
WBGene00023487,,,,WBGene00023487,WBGene00023487,History: N.A.
WBGene00043051,,,,WBGene00043051,WBGene00043051,History: N.A.
WBGene00043156,,,,WBGene00043156,WBGene00043156,History: Killed on 2004-10-04; Resurrected on 2004-10-27
WBGene00043279,,,,WBGene00043279,WBGene00043279,History: Killed on 2004-10-04; Resurrected on 2006-05-16
WBGene00043705,,,,WBGene00043705,WBGene00043705,History: Killed on 2004-10-04; Resurrected on 2007-03-26
WBGene00044067,,,,WBGene00044067,WBGene00044067,History: Renamed on 2007-08-01; Renamed on 2016-11-29
WBGene00044083,,,,WBGene00044083,WBGene00044083,History: N.A.
WBGene00044094,,,,WBGene00044094,WBGene00044094,History: N.A.
WBGene00044236,,,,WBGene00044236,WBGene00044236,History: N.A.
WBGene00044251,,,,WBGene00044251,WBGene00044251,History: N.A.
WBGene00044290,,,,WBGene00044290,WBGene00044290,History: N.A.
WBGene00044310,,,,WBGene00044310,WBGene00044310,History: N.A.
WBGene00044322,,,,WBGene00044322,WBGene00044322,History: N.A.
WBGene00044323,,,,WBGene00044323,WBGene00044323,History: N.A.
WBGene00044324,,,,WBGene00044324,WBGene00044324,History: Renamed on 2013-03-15
WBGene00044325,,,,WBGene00044325,WBGene00044325,History: N.A.
WBGene00044341,,,,WBGene00044341,WBGene00044341,History: N.A.
WBGene00044344,,,,WBGene00044344,WBGene00044344,History: N.A.
WBGene00044413,,,,WBGene00044413,WBGene00044413,History: N.A.
WBGene00044423,,,,WBGene00044423,WBGene00044423,History: N.A.
WBGene00044431,,,,WBGene00044431,WBGene00044431,History: N.A.
WBGene00044466,,,,WBGene00044466,WBGene00044466,History: N.A.
WBGene00044666,,,,WBGene00044666,WBGene00044666,History: N.A.
WBGene00044746,,,,WBGene00044746,WBGene00044746,History: N.A.
WBGene00044758,,,,WBGene00044758,WBGene00044758,History: N.A.
WBGene00044987,,,,WBGene00044987,WBGene00044987,History: N.A.
WBGene00045292,,,,WBGene00045292,WBGene00045292,History: N.A.
WBGene00045297,,,,WBGene00045297,WBGene00045297,History: N.A.
WBGene00050937,,,,WBGene00050937,WBGene00050937,History: N.A.
WBGene00077453,,,,WBGene00077453,WBGene00077453,History: N.A.
WBGene00077543,,,,WBGene00077543,WBGene00077543,History: N.A.
WBGene00077732,,,,WBGene00077732,WBGene00077732,History: Renamed on 2012-08-15
WBGene00138720,,,,WBGene00138720,WBGene00138720,History: N.A.
WBGene00164985,,,,WBGene00164985,WBGene00164985,History: N.A.
WBGene00175030,,,,WBGene00175030,WBGene00175030,History: N.A.
WBGene00184990,,,,WBGene00184990,WBGene00184990,History: N.A.
WBGene00185048,,,,WBGene00185048,WBGene00185048,History: N.A.
WBGene00185086,,,,WBGene00185086,WBGene00185086,History: N.A.
WBGene00185088,,,,WBGene00185088,WBGene00185088,History: N.A.
WBGene00185089,,,,WBGene00185089,WBGene00185089,History: N.A.
WBGene00194706,,,,WBGene00194706,WBGene00194706,History: N.A.
WBGene00194949,,,,WBGene00194949,,History: Killed on 2017-01-13; Killed on 2017-03-03. Remark: no evidence for existance...no evidence for existance
WBGene00195248,,,,WBGene00195248,WBGene00195248,History: N.A.
WBGene00219218,,,,WBGene00219218,WBGene00219218,History: N.A.
WBGene00219425,,,,WBGene00219425,WBGene00219425,History: N.A.